TC	Word	Count
TC1	mother	1
TC1	tions	1
TC1	pin	1
TC1	sure	1
TC1	regulatory	1
TC1	shower	1
TC1	uni	1
TC1	dial	1
TC1	photography	1
TC1	buying	1
TC1	firms	1
TC1	nba	1
TC1	father	1
TC1	championship	1
TC1	vagina	1
TC1	fonts	1
TC1	sparc	1
TC1	explorer	1
TC1	rl	1
TC1	shadow	1
TC1	danish	1
TC1	seed	1
TC1	hiking	1
TC1	instrumentation	1
TC1	introduces	1
TC1	kinda	1
TC1	nor	1
TC1	newer	1
TC1	peter	1
TC1	contamination	1
TC1	matters	1
TC1	bedding	1
TC1	achievement	1
TC1	password	1
TC1	conservative	2
TC1	webcast	1
TC1	locks	1
TC1	cove	1
TC1	taxes	1
TC1	could	1
TC1	pct	1
TC1	adequate	1
TC1	nightmare	1
TC1	marathon	1
TC1	permission	1
TC1	cartridge	1
TC1	clear	1
TC1	drum	1
TC1	trained	1
TC1	p	1
TC1	manufacturer	1
TC1	leisure	1
TC1	media	1
TC1	journey	1
TC1	anal	1
TC1	teaches	1
TC1	customized	1
TC1	oakland	1
TC1	louis	1
TC1	tab	1
TC1	consistent	1
TC1	enhanced	1
TC1	liable	1
TC1	ebony	1
TC1	wan	1
TC1	pubmed	1
TC1	math	1
TC1	tea	1
TC1	craps	1
TC1	gothic	1
TC1	permissions	1
TC1	recorded	1
TC1	cgi	1
TC1	confirm	1
TC1	hyundai	1
TC1	exhaust	1
TC1	malpractice	1
TC1	pens	1
TC1	potentially	1
TC1	glenn	1
TC1	scoring	1
TC1	andrews	1
TC1	assessed	1
TC1	adventures	1
TC1	meals	1
TC1	mortality	1
TC1	club	1
TC1	mon	1
TC1	comm	1
TC1	blues	1
TC1	collect	1
TC1	lies	1
TC1	seats	1
TC1	worse	1
TC1	guestbook	1
TC1	influences	1
TC1	kodak	1
TC1	significance	1
TC1	coastal	1
TC1	-	Elapsed Time: 0.0004363059997558594 seconds
TC2	conduct	1
TC2	kuwait	1
TC2	literacy	1
TC2	table	1
TC2	parent	1
TC2	olympic	1
TC2	ht	1
TC2	algebra	1
TC2	lease	4
TC2	brass	4
TC2	revenues	4
TC2	targeted	4
TC2	inflation	4
TC2	chain	4
TC2	holders	4
TC2	amongst	4
TC2	monaco	4
TC2	filme	4
TC2	doc	4
TC2	kingston	4
TC2	wood	3
TC2	pre	3
TC2	ss	1
TC2	norm	1
TC2	females	1
TC2	sq	1
TC2	builders	1
TC2	newly	1
TC2	history	1
TC2	stores	1
TC2	textiles	1
TC2	exams	1
TC2	midi	1
TC2	correct	1
TC2	conferencing	1
TC2	touch	1
TC2	comic	1
TC2	container	1
TC2	preparation	1
TC2	teen	1
TC2	males	1
TC2	correlation	1
TC2	fioricet	1
TC2	networks	1
TC2	deck	1
TC2	dean	1
TC2	advantages	1
TC2	out	1
TC2	hub	1
TC2	italy	1
TC2	objects	1
TC2	resort	1
TC2	priced	1
TC2	southampton	1
TC2	munich	1
TC2	sorry	1
TC2	delays	1
TC2	man	1
TC2	croatia	1
TC2	vice	1
TC2	opens	1
TC2	blowjob	1
TC2	galleries	1
TC2	weight	1
TC2	jeff	1
TC2	boots	1
TC2	clan	1
TC2	compatibility	1
TC2	purposes	1
TC2	prof	1
TC2	come	1
TC2	jose	1
TC2	turkish	1
TC2	classes	1
TC2	vessels	1
TC2	answering	1
TC2	sweden	1
TC2	hampshire	1
TC2	j	1
TC2	responsibilities	1
TC2	magazines	1
TC2	rio	1
TC2	amounts	1
TC2	instantly	1
TC2	fill	1
TC2	str	1
TC2	naturals	1
TC2	automation	1
TC2	apache	1
TC2	rule	1
TC2	goals	1
TC2	outlook	1
TC2	afternoon	1
TC2	odd	1
TC2	genome	1
TC2	protest	1
TC2	catalog	1
TC2	creates	1
TC2	bases	1
TC2	prominent	1
TC2	consisting	1
TC2	minneapolis	1
TC2	night	1
TC2	tiger	1
TC2	unity	1
TC2	disposal	1
TC2	cannon	1
TC2	ou	1
TC2	hall	1
TC2	atomic	1
TC2	chosen	1
TC2	violence	1
TC2	sectors	1
TC2	ignored	1
TC2	cheese	1
TC2	frozen	1
TC2	corp	1
TC2	undo	1
TC2	tba	1
TC2	way	1
TC2	filter	1
TC2	win	1
TC2	attending	1
TC2	returned	1
TC2	anchor	1
TC2	sides	1
TC2	defence	1
TC2	biz	1
TC2	form	1
TC2	feeding	1
TC2	rentals	1
TC2	practical	1
TC2	steve	1
TC2	serious	1
TC2	mens	1
TC2	faculty	1
TC2	initiative	1
TC2	variety	1
TC2	ion	1
TC2	interface	1
TC2	remained	1
TC2	icons	1
TC2	excessive	1
TC2	jon	1
TC2	-	Elapsed Time: 0.0003077983856201172 seconds
TC3	neighbors	1
TC3	manual	1
TC3	political	1
TC3	mozambique	1
TC3	old	1
TC3	holding	1
TC3	fc	1
TC3	ford	1
TC3	comparable	1
TC3	industries	1
TC3	antiques	1
TC3	waste	1
TC3	voice	1
TC3	blond	1
TC3	z	1
TC3	flood	2
TC3	enables	1
TC3	feels	1
TC3	validity	1
TC3	midnight	1
TC3	matters	1
TC3	mortgage	1
TC3	daughters	1
TC3	diana	1
TC3	notice	3
TC3	postal	1
TC3	reproduced	1
TC3	mpegs	1
TC3	persistent	1
TC3	butts	1
TC3	ban	1
TC3	underground	1
TC3	hypothesis	1
TC3	pace	1
TC3	ip	1
TC3	two	1
TC3	gourmet	1
TC3	firms	1
TC3	chips	1
TC3	twelve	1
TC3	somalia	1
TC3	drama	1
TC3	leaving	1
TC3	continues	1
TC3	poll	1
TC3	led	1
TC3	pottery	2
TC3	dominican	1
TC3	freebsd	1
TC3	schools	1
TC3	bunch	1
TC3	organisms	1
TC3	emotions	1
TC3	governments	1
TC3	tires	1
TC3	calendars	1
TC3	charity	2
TC3	usa	1
TC3	masturbating	1
TC3	complexity	1
TC3	spoke	1
TC3	nicholas	1
TC3	virginia	1
TC3	mv	1
TC3	chronic	1
TC3	biography	1
TC3	indigenous	1
TC3	something	1
TC3	pursuit	1
TC3	suggestion	2
TC3	breeds	1
TC3	sorry	1
TC3	however	1
TC3	biol	1
TC3	acquisition	1
TC3	least	1
TC3	decades	1
TC3	wooden	1
TC3	nonprofit	1
TC3	medical	1
TC3	et	1
TC3	wonder	1
TC3	normally	1
TC3	pairs	2
TC3	williams	1
TC3	residence	1
TC3	pale	1
TC3	vibrators	1
TC3	democratic	1
TC3	affects	1
TC3	celebration	1
TC3	patterns	1
TC3	medicaid	1
TC3	look	1
TC3	covered	1
TC3	josh	1
TC3	keen	1
TC3	an	1
TC3	want	1
TC3	possible	1
TC3	morocco	1
TC3	tp	1
TC3	electro	1
TC3	transmit	1
TC3	connections	1
TC3	scripting	1
TC3	consulting	1
TC3	works	1
TC3	aw	1
TC3	impression	1
TC3	ky	1
TC3	prove	1
TC3	spreading	1
TC3	shannon	1
TC3	cfr	1
TC3	buddy	1
TC3	blues	2
TC3	rely	1
TC3	earth	1
TC3	pipe	2
TC3	bible	1
TC3	furthermore	1
TC3	desirable	1
TC3	allergy	1
TC3	packard	1
TC3	lovers	1
TC3	haiti	1
TC3	brutal	1
TC3	sewing	1
TC3	vs	1
TC3	undergraduate	1
TC3	must	1
TC3	hardcover	1
TC3	advances	1
TC3	tomato	1
TC3	cashiers	1
TC3	britain	1
TC3	thumb	2
TC3	magic	1
TC3	leeds	1
TC3	poly	1
TC3	cricket	1
TC3	thickness	1
TC3	ambient	1
TC3	enormous	1
TC3	deny	1
TC3	song	1
TC3	simpsons	1
TC3	class	1
TC3	ii	1
TC3	restructuring	1
TC3	gardens	1
TC3	russian	1
TC3	introduced	1
TC3	strange	1
TC3	spain	1
TC3	cum	1
TC3	philips	1
TC3	capital	1
TC3	manufacture	1
TC3	shade	1
TC3	aids	1
TC3	endorsement	1
TC3	pediatric	1
TC3	facilitate	1
TC3	dealing	1
TC3	motivated	1
TC3	nationally	1
TC3	dress	1
TC3	apple	1
TC3	coordinates	1
TC3	remaining	1
TC3	you	1
TC3	lie	1
TC3	initiative	1
TC3	walking	1
TC3	reveals	2
TC3	dimension	1
TC3	texture	1
TC3	rare	1
TC3	serum	1
TC3	dr	1
TC3	subsequent	1
TC3	california	1
TC3	fresh	1
TC3	scanners	1
TC3	ri	1
TC3	pixel	1
TC3	swap	1
TC3	nova	1
TC3	marks	1
TC3	dallas	1
TC3	chaos	1
TC3	pci	1
TC3	holy	1
TC3	republic	1
TC3	vagina	1
TC3	ha	1
TC3	illustration	1
TC3	modified	1
TC3	democrat	1
TC3	till	1
TC3	susan	1
TC3	formula	1
TC3	benchmark	1
TC3	markers	1
TC3	excellence	1
TC3	specifies	1
TC3	dominant	1
TC3	nights	1
TC3	ssl	1
TC3	beds	1
TC3	teenage	1
TC3	graham	1
TC3	hazard	1
TC3	soap	1
TC3	register	1
TC3	cream	1
TC3	stays	1
TC3	hand	1
TC3	resort	1
TC3	ht	1
TC3	mrs	1
TC3	mozilla	1
TC3	financing	1
TC3	continued	1
TC3	basin	1
TC3	myth	1
TC3	dependent	1
TC3	marker	1
TC3	diamond	1
TC3	press	1
TC3	realtors	1
TC3	monitored	1
TC3	que	1
TC3	zdnet	1
TC3	for	1
TC3	prev	1
TC3	tracked	1
TC3	locally	1
TC3	formats	1
TC3	slot	1
TC3	cancel	1
TC3	continually	1
TC3	ecology	1
TC3	spending	1
TC3	hour	1
TC3	considerations	1
TC3	copy	2
TC3	aruba	1
TC3	tear	1
TC3	analyzed	1
TC3	ms	1
TC3	jelsoft	1
TC3	responsibility	1
TC3	proved	1
TC3	tablet	1
TC3	memo	1
TC3	elephant	1
TC3	detroit	1
TC3	dozen	1
TC3	hairy	1
TC3	defines	1
TC3	strengthen	1
TC3	catalogs	1
TC3	muslim	1
TC3	husband	1
TC3	developments	1
TC3	train	1
TC3	hurt	2
TC3	ml	1
TC3	colin	1
TC3	species	1
TC3	steel	1
TC3	modification	1
TC3	easier	1
TC3	sky	1
TC3	purpose	1
TC3	honest	1
TC3	phil	1
TC3	energy	1
TC3	republicans	1
TC3	bigger	1
TC3	springs	1
TC3	confidential	1
TC3	internal	1
TC3	wrote	1
TC3	debut	1
TC3	edmonton	1
TC3	uses	1
TC3	pitch	1
TC3	consolidated	1
TC3	sub	1
TC3	genetics	1
TC3	spoken	1
TC3	microsoft	1
TC3	crucial	1
TC3	quest	1
TC3	monitor	1
TC3	women	1
TC3	rating	1
TC3	sox	1
TC3	tuesday	1
TC3	may	1
TC3	loc	1
TC3	waiver	1
TC3	icon	1
TC3	fy	1
TC3	cyber	1
TC3	process	1
TC3	soviet	1
TC3	investors	1
TC3	forgotten	1
TC3	explains	1
TC3	reno	1
TC3	likes	1
TC3	honey	1
TC3	investing	1
TC3	intro	1
TC3	copying	1
TC3	skilled	1
TC3	illinois	1
TC3	muze	1
TC3	archive	1
TC3	clock	1
TC3	explorer	1
TC3	simultaneously	1
TC3	j	1
TC3	overnight	1
TC3	herein	1
TC3	jet	1
TC3	bring	1
TC3	bangbus	1
TC3	others	1
TC3	pos	1
TC3	ya	1
TC3	guides	1
TC3	discharge	1
TC3	consultation	1
TC3	built	1
TC3	sophisticated	1
TC3	kent	1
TC3	prayers	1
TC3	christopher	1
TC3	wma	1
TC3	gardening	1
TC3	closes	1
TC3	tackle	1
TC3	oxide	1
TC3	significance	1
TC3	forgot	1
TC3	widely	1
TC3	martin	1
TC3	penn	1
TC3	den	1
TC3	webshots	1
TC3	fluid	1
TC3	mounts	1
TC3	mae	1
TC3	islamic	1
TC3	convenience	1
TC3	contain	1
TC3	fd	1
TC3	wave	1
TC3	jar	1
TC3	permission	1
TC3	calculated	1
TC3	deemed	1
TC3	bodies	1
TC3	belt	1
TC3	recreational	1
TC3	elite	1
TC3	churches	1
TC3	forms	1
TC3	unless	1
TC3	rpm	1
TC3	bedrooms	1
TC3	stamp	1
TC3	conservation	1
TC3	muslims	1
TC3	supplement	1
TC3	challenges	1
TC3	causing	1
TC3	owned	1
TC3	providence	1
TC3	heated	1
TC3	evil	1
TC3	opportunity	1
TC3	hardly	1
TC3	sitemap	1
TC3	talk	1
TC3	pink	1
TC3	merit	1
TC3	order	1
TC3	declaration	1
TC3	mighty	1
TC3	mistress	1
TC3	restoration	1
TC3	pissing	1
TC3	patents	1
TC3	correctly	1
TC3	deployment	1
TC3	milk	1
TC3	assembled	1
TC3	detailed	1
TC3	reggae	1
TC3	previously	1
TC3	television	1
TC3	lions	1
TC3	myself	1
TC3	otherwise	1
TC3	archived	1
TC3	doc	1
TC3	removal	1
TC3	guidance	1
TC3	soon	1
TC3	cornwall	1
TC3	environmental	1
TC3	contracting	1
TC3	cameron	1
TC3	finger	1
TC3	unlikely	1
TC3	kuwait	1
TC3	complicated	1
TC3	philip	1
TC3	helena	1
TC3	broker	1
TC3	bestiality	1
TC3	developers	1
TC3	org	1
TC3	argued	1
TC3	prime	1
TC3	geography	1
TC3	dns	1
TC3	aside	1
TC3	growing	1
TC3	metropolitan	1
TC3	interactions	1
TC3	beverly	1
TC3	purse	1
TC3	cycling	1
TC3	pirates	1
TC3	recipients	1
TC3	kingdom	1
TC3	wal	1
TC3	reply	1
TC3	examples	1
TC3	strengthening	1
TC3	providing	1
TC3	victory	1
TC3	commented	1
TC3	used	1
TC3	debian	1
TC3	salaries	1
TC3	buildings	1
TC3	utils	1
TC3	pmc	1
TC3	manually	1
TC3	purchases	1
TC3	insert	1
TC3	improving	1
TC3	devil	1
TC3	dodge	1
TC3	cables	1
TC3	std	1
TC3	create	1
TC3	nipples	1
TC3	jane	1
TC3	holmes	1
TC3	tea	1
TC3	butler	1
TC3	motels	1
TC3	newfoundland	1
TC3	cutting	1
TC3	clocks	1
TC3	infrared	1
TC3	cowboy	1
TC3	hormone	1
TC3	windsor	1
TC3	census	1
TC3	uc	1
TC3	declined	1
TC3	index	1
TC3	equipped	1
TC3	src	1
TC3	gradually	1
TC3	placing	1
TC3	-	Elapsed Time: 0.0003600120544433594 seconds
TC4	disciplinary	1
TC4	continues	1
TC4	literally	2
TC4	ringtone	2
TC4	parameter	1
TC4	shift	1
TC4	enhancement	1
TC4	man	1
TC4	za	2
TC4	starring	1
TC4	cashiers	1
TC4	maria	1
TC4	began	1
TC4	incredible	1
TC4	stations	1
TC4	depends	1
TC4	staff	1
TC4	booty	1
TC4	energy	1
TC4	grid	1
TC4	beach	1
TC4	tools	1
TC4	reached	2
TC4	ethics	1
TC4	mod	1
TC4	preference	1
TC4	compounds	1
TC4	fragrances	1
TC4	macintosh	1
TC4	microsoft	1
TC4	month	1
TC4	beginner	1
TC4	verse	1
TC4	draws	1
TC4	notification	1
TC4	rolled	1
TC4	canal	1
TC4	held	1
TC4	renewal	1
TC4	erp	1
TC4	oval	1
TC4	own	1
TC4	crazy	2
TC4	cameras	1
TC4	none	1
TC4	javascript	2
TC4	popular	1
TC4	corp	1
TC4	pdf	1
TC4	phpbb	1
TC4	drivers	1
TC4	postal	1
TC4	curtis	1
TC4	annual	2
TC4	newsletters	1
TC4	isolation	1
TC4	shown	2
TC4	barrel	1
TC4	languages	1
TC4	pictures	1
TC4	favorite	1
TC4	dishes	1
TC4	telecharger	1
TC4	gi	1
TC4	smooth	1
TC4	supplier	2
TC4	patients	1
TC4	dsc	1
TC4	literacy	1
TC4	token	1
TC4	samoa	1
TC4	physical	2
TC4	dvds	1
TC4	beans	1
TC4	moss	1
TC4	check	1
TC4	appreciate	1
TC4	opponents	1
TC4	song	1
TC4	distinct	1
TC4	baskets	1
TC4	beads	1
TC4	meta	1
TC4	amazon	1
TC4	mexican	1
TC4	merchants	1
TC4	checklist	1
TC4	deborah	1
TC4	adjustable	1
TC4	etc	1
TC4	nu	1
TC4	im	1
TC4	company	1
TC4	with	1
TC4	pubs	1
TC4	worker	1
TC4	engineering	1
TC4	based	1
TC4	data	2
TC4	sake	1
TC4	cycles	1
TC4	consoles	1
TC4	cholesterol	1
TC4	oecd	1
TC4	stays	1
TC4	just	1
TC4	pose	1
TC4	fought	2
TC4	delaware	1
TC4	ieee	1
TC4	ge	1
TC4	prefers	1
TC4	dramatically	2
TC4	folder	1
TC4	bio	1
TC4	logging	1
TC4	maiden	2
TC4	contains	2
TC4	demographic	1
TC4	dts	1
TC4	dependence	1
TC4	simple	1
TC4	brooklyn	1
TC4	admin	1
TC4	gd	1
TC4	warning	1
TC4	diffs	1
TC4	discovered	1
TC4	adolescent	1
TC4	regression	1
TC4	dinner	1
TC4	albuquerque	1
TC4	showed	1
TC4	variance	1
TC4	vacancies	1
TC4	metallica	1
TC4	liable	1
TC4	spending	1
TC4	residential	1
TC4	hosts	1
TC4	scanned	1
TC4	studies	1
TC4	cuisine	1
TC4	reviewing	1
TC4	commands	1
TC4	gtk	1
TC4	roger	1
TC4	killed	1
TC4	contrary	1
TC4	queensland	1
TC4	deferred	1
TC4	dd	1
TC4	syndicate	1
TC4	hindu	1
TC4	cabinet	1
TC4	stretch	1
TC4	julian	1
TC4	partly	1
TC4	est	1
TC4	panels	2
TC4	banking	1
TC4	racial	2
TC4	represented	1
TC4	defendant	1
TC4	subject	1
TC4	hint	1
TC4	often	1
TC4	ii	1
TC4	soonest	1
TC4	potential	1
TC4	lil	1
TC4	hybrid	1
TC4	theoretical	1
TC4	contributing	1
TC4	gateway	1
TC4	biggest	1
TC4	az	1
TC4	feelings	1
TC4	existence	1
TC4	shelter	1
TC4	lows	1
TC4	continuously	1
TC4	pilot	1
TC4	recovered	1
TC4	vsnet	1
TC4	myspace	1
TC4	foreign	1
TC4	started	3
TC4	newspaper	1
TC4	core	1
TC4	respiratory	1
TC4	replacing	1
TC4	ear	1
TC4	charts	2
TC4	frequently	1
TC4	reproduction	1
TC4	stress	1
TC4	legacy	1
TC4	spent	1
TC4	spice	1
TC4	christian	1
TC4	safer	1
TC4	sword	1
TC4	of	1
TC4	ata	1
TC4	yu	1
TC4	math	1
TC4	navy	2
TC4	learned	1
TC4	brochure	1
TC4	suggested	1
TC4	tired	2
TC4	prove	1
TC4	audit	1
TC4	specifics	1
TC4	stayed	1
TC4	side	1
TC4	sought	1
TC4	decorative	1
TC4	edition	1
TC4	runner	1
TC4	seal	1
TC4	translate	1
TC4	tennessee	1
TC4	below	1
TC4	burn	1
TC4	bk	1
TC4	helen	1
TC4	farm	2
TC4	nyc	1
TC4	predict	1
TC4	proud	1
TC4	vault	1
TC4	jeremy	1
TC4	newsletter	1
TC4	leadership	1
TC4	legislative	1
TC4	analyst	1
TC4	tower	1
TC4	investments	1
TC4	goat	1
TC4	oven	1
TC4	preparation	1
TC4	wound	1
TC4	plenty	1
TC4	bizrate	1
TC4	pm	1
TC4	approve	1
TC4	arthritis	1
TC4	detroit	2
TC4	subsidiaries	1
TC4	coupled	1
TC4	expansion	1
TC4	ben	1
TC4	humanities	1
TC4	teaching	1
TC4	understanding	1
TC4	alternatives	1
TC4	handed	1
TC4	millennium	1
TC4	plays	2
TC4	honors	1
TC4	fs	1
TC4	fifth	1
TC4	something	1
TC4	clients	2
TC4	cuts	1
TC4	dec	1
TC4	shemale	1
TC4	distributions	1
TC4	snake	1
TC4	folding	1
TC4	worry	1
TC4	dispute	1
TC4	bridal	1
TC4	boundary	1
TC4	presentation	1
TC4	sexcam	1
TC4	offer	1
TC4	pace	1
TC4	far	1
TC4	danger	1
TC4	dawn	1
TC4	attention	1
TC4	hospitals	1
TC4	destroy	1
TC4	qualifications	1
TC4	sk	1
TC4	salvador	1
TC4	cloudy	1
TC4	reload	1
TC4	start	1
TC4	mountain	1
TC4	chase	1
TC4	periodically	1
TC4	combination	1
TC4	once	1
TC4	clearance	1
TC4	nightmare	1
TC4	via	1
TC4	mozambique	1
TC4	depend	1
TC4	dave	1
TC4	lakes	1
TC4	break	1
TC4	contacts	1
TC4	couples	1
TC4	today	1
TC4	jeff	1
TC4	passwords	1
TC4	dresses	1
TC4	tokyo	1
TC4	castle	2
TC4	fridge	1
TC4	freelance	1
TC4	region	1
TC4	lake	1
TC4	obituaries	1
TC4	gl	1
TC4	bloom	1
TC4	sciences	1
TC4	speed	1
TC4	ef	1
TC4	illness	1
TC4	kernel	1
TC4	onion	2
TC4	critics	1
TC4	considerable	1
TC4	lawsuit	1
TC4	instances	1
TC4	pocket	1
TC4	payable	1
TC4	entering	1
TC4	io	1
TC4	successfully	1
TC4	ending	1
TC4	klein	1
TC4	architects	1
TC4	prostate	1
TC4	designers	1
TC4	output	1
TC4	infections	1
TC4	book	2
TC4	partnership	1
TC4	eating	1
TC4	employee	1
TC4	import	1
TC4	discover	1
TC4	nice	1
TC4	tragedy	1
TC4	computational	1
TC4	diamonds	2
TC4	spotlight	1
TC4	benchmark	2
TC4	shut	1
TC4	harbour	1
TC4	procurement	1
TC4	glow	1
TC4	iii	1
TC4	earn	1
TC4	warranties	1
TC4	portugal	1
TC4	forgot	1
TC4	hispanic	1
TC4	korea	1
TC4	silly	1
TC4	picking	1
TC4	detection	1
TC4	great	1
TC4	asian	1
TC4	kinds	1
TC4	producing	1
TC4	gifts	1
TC4	simulations	1
TC4	vol	1
TC4	salt	2
TC4	install	1
TC4	tue	1
TC4	partial	1
TC4	yourself	1
TC4	electrical	1
TC4	informal	1
TC4	deny	1
TC4	sparc	2
TC4	drinks	1
TC4	tall	1
TC4	ocean	1
TC4	icons	1
TC4	subjects	1
TC4	arabia	1
TC4	plaintiff	1
TC4	packet	1
TC4	conduct	1
TC4	assessed	1
TC4	diamond	1
TC4	real	1
TC4	blade	1
TC4	source	1
TC4	proteins	1
TC4	mag	1
TC4	locking	1
TC4	ga	1
TC4	watches	1
TC4	casa	1
TC4	baby	1
TC4	engaged	1
TC4	dam	1
TC4	productivity	1
TC4	car	1
TC4	forms	1
TC4	nokia	1
TC4	companies	1
TC4	france	1
TC4	married	1
TC4	jeep	1
TC4	burner	1
TC4	sexy	1
TC4	work	1
TC4	dip	1
TC4	vhs	1
TC4	thunder	1
TC4	declaration	1
TC4	define	1
TC4	scenarios	1
TC4	saint	1
TC4	yellow	1
TC4	satellite	1
TC4	epic	1
TC4	win	1
TC4	wild	1
TC4	organ	1
TC4	incorporated	1
TC4	observed	1
TC4	morocco	2
TC4	fields	1
TC4	broadcast	1
TC4	css	1
TC4	knives	1
TC4	responsible	1
TC4	thriller	1
TC4	effective	1
TC4	transform	1
TC4	mh	1
TC4	belkin	1
TC4	stories	1
TC4	penalties	1
TC4	focus	1
TC4	governor	1
TC4	metallic	2
TC4	cluster	1
TC4	threatening	1
TC4	insulin	1
TC4	ar	1
TC4	hampton	2
TC4	springs	1
TC4	nvidia	2
TC4	tribe	1
TC4	humidity	2
TC4	scuba	1
TC4	reduced	1
TC4	ran	1
TC4	hole	1
TC4	copying	1
TC4	harper	1
TC4	bacterial	1
TC4	closely	1
TC4	disposal	1
TC4	miss	1
TC4	sending	1
TC4	hamburg	1
TC4	tin	1
TC4	protocol	1
TC4	tb	1
TC4	char	1
TC4	roof	1
TC4	latvia	1
TC4	credits	1
TC4	harold	1
TC4	puts	1
TC4	chemicals	1
TC4	buck	1
TC4	discuss	1
TC4	renaissance	2
TC4	downloadable	1
TC4	beautiful	1
TC4	wearing	1
TC4	would	1
TC4	colon	1
TC4	itself	1
TC4	coastal	2
TC4	latin	1
TC4	inf	1
TC4	marble	1
TC4	mercury	1
TC4	previous	1
TC4	ate	1
TC4	repeated	1
TC4	calvin	1
TC4	specified	1
TC4	z	1
TC4	brake	1
TC4	ddr	2
TC4	increases	1
TC4	fort	1
TC4	diseases	2
TC4	assigned	1
TC4	sitting	1
TC4	preparing	1
TC4	opened	1
TC4	swap	1
TC4	dev	1
TC4	gamespot	1
TC4	little	1
TC4	conversion	1
TC4	vintage	1
TC4	greece	1
TC4	lab	1
TC4	federal	1
TC4	coordinate	1
TC4	travelling	1
TC4	lookup	1
TC4	recall	1
TC4	physiology	1
TC4	robust	1
TC4	pointing	1
TC4	charity	1
TC4	books	1
TC4	weak	1
TC4	oman	1
TC4	somebody	1
TC4	np	1
TC4	entertainment	1
TC4	the	1
TC4	treatment	1
TC4	drunk	1
TC4	tell	1
TC4	mary	1
TC4	hungarian	1
TC4	levitra	1
TC4	dallas	1
TC4	cancel	1
TC4	u	1
TC4	guard	1
TC4	circles	1
TC4	impressed	1
TC4	gloves	1
TC4	dildo	1
TC4	committees	1
TC4	registrar	1
TC4	promises	1
TC4	tender	1
TC4	texas	1
TC4	bolt	1
TC4	substances	1
TC4	producers	1
TC4	organised	1
TC4	protest	1
TC4	unified	1
TC4	mesh	1
TC4	currency	1
TC4	owen	1
TC4	explosion	1
TC4	enclosure	1
TC4	vital	1
TC4	confidential	2
TC4	usps	1
TC4	similar	1
TC4	flickr	1
TC4	regional	1
TC4	division	1
TC4	vernon	1
TC4	website	1
TC4	glenn	1
TC4	omega	1
TC4	since	2
TC4	eds	1
TC4	poor	2
TC4	rr	1
TC4	sf	1
TC4	finds	1
TC4	reactions	1
TC4	villages	1
TC4	supporting	1
TC4	seniors	1
TC4	penalty	1
TC4	filed	1
TC4	yet	1
TC4	linking	1
TC4	es	1
TC4	longest	1
TC4	church	1
TC4	limousines	1
TC4	puppy	1
TC4	processes	1
TC4	consideration	1
TC4	bike	1
TC4	shipping	1
TC4	blues	1
TC4	prophet	1
TC4	develops	1
TC4	cartridges	1
TC4	deliver	1
TC4	iron	1
TC4	chelsea	1
TC4	southwest	1
TC4	milf	1
TC4	expect	1
TC4	bryan	1
TC4	camel	1
TC4	cheap	1
TC4	ftp	1
TC4	variable	1
TC4	weapons	1
TC4	lots	1
TC4	diversity	1
TC4	classic	1
TC4	calibration	1
TC4	yukon	1
TC4	jm	1
TC4	wagon	1
TC4	reply	1
TC4	ion	1
TC4	morgan	1
TC4	tear	1
TC4	australian	1
TC4	everywhere	1
TC4	labor	1
TC4	nano	1
TC4	switch	1
TC4	connector	1
TC4	equivalent	1
TC4	saints	1
TC4	christopher	1
TC4	lincoln	1
TC4	consist	2
TC4	finally	1
TC4	rugs	1
TC4	however	1
TC4	hu	1
TC4	bend	1
TC4	seat	1
TC4	sarah	1
TC4	bedrooms	1
TC4	monroe	1
TC4	zen	1
TC4	uh	1
TC4	marker	1
TC4	macromedia	1
TC4	elsewhere	1
TC4	rapid	1
TC4	berry	1
TC4	dental	1
TC4	cars	1
TC4	peaceful	1
TC4	wang	1
TC4	consumption	1
TC4	ill	1
TC4	espn	1
TC4	emergency	1
TC4	bon	1
TC4	winston	1
TC4	streets	1
TC4	biz	1
TC4	timeline	1
TC4	telecom	1
TC4	circuits	1
TC4	cv	1
TC4	retailers	1
TC4	words	1
TC4	represents	1
TC4	beside	1
TC4	cet	1
TC4	opera	1
TC4	nc	1
TC4	bt	1
TC4	estimates	1
TC4	christ	1
TC4	challenges	1
TC4	linear	1
TC4	invitations	1
TC4	oklahoma	1
TC4	leasing	1
TC4	beverage	1
TC4	decent	1
TC4	continually	1
TC4	focusing	1
TC4	poland	1
TC4	partnerships	1
TC4	overnight	1
TC4	earning	2
TC4	barrier	1
TC4	rush	1
TC4	hourly	1
TC4	biographies	1
TC4	question	1
TC4	buses	1
TC4	leave	1
TC4	collar	1
TC4	mongolia	1
TC4	outreach	1
TC4	spec	1
TC4	colleges	1
TC4	talked	1
TC4	unfortunately	1
TC4	grande	1
TC4	modification	2
TC4	shoppercom	1
TC4	noise	1
TC4	motivated	1
TC4	operates	1
TC4	gibraltar	1
TC4	focused	1
TC4	cst	1
TC4	ourselves	1
TC4	taking	1
TC4	medicines	1
TC4	tits	1
TC4	exists	1
TC4	stay	1
TC4	shirt	1
TC4	bingo	1
TC4	killing	1
TC4	prerequisite	1
TC4	namely	1
TC4	weekly	1
TC4	exactly	1
TC4	bryant	1
TC4	duties	1
TC4	wav	1
TC4	var	1
TC4	occur	1
TC4	explain	1
TC4	grad	1
TC4	observe	1
TC4	textile	1
TC4	ruby	1
TC4	nz	1
TC4	operation	1
TC4	concentrate	1
TC4	performances	1
TC4	begin	1
TC4	trip	1
TC4	hurricane	1
TC4	have	1
TC4	relief	1
TC4	theaters	1
TC4	hawaii	1
TC4	sandwich	1
TC4	grown	1
TC4	upon	1
TC4	fucking	2
TC4	quarter	1
TC4	thirty	1
TC4	doctors	1
TC4	tones	1
TC4	luke	1
TC4	dish	1
TC4	ur	1
TC4	flying	1
TC4	stuff	1
TC4	resumes	1
TC4	students	1
TC4	pb	1
TC4	paxil	1
TC4	browsers	1
TC4	indicating	1
TC4	duncan	1
TC4	lucy	1
TC4	turn	1
TC4	inns	1
TC4	openings	1
TC4	ultram	1
TC4	panel	1
TC4	tested	1
TC4	ribbon	1
TC4	usb	1
TC4	walked	1
TC4	beaches	1
TC4	war	1
TC4	calculated	1
TC4	prev	1
TC4	zimbabwe	2
TC4	bra	1
TC4	patent	1
TC4	shore	1
TC4	skills	1
TC4	wv	1
TC4	sue	1
TC4	hosting	1
TC4	seasonal	1
TC4	caps	1
TC4	vermont	1
TC4	paper	1
TC4	update	1
TC4	nikon	1
TC4	tea	1
TC4	uruguay	1
TC4	virus	1
TC4	solo	1
TC4	berlin	1
TC4	males	1
TC4	washington	1
TC4	bible	1
TC4	wallpaper	1
TC4	y	1
TC4	queen	1
TC4	trigger	1
TC4	nearly	1
TC4	negotiations	1
TC4	summer	1
TC4	escort	1
TC4	mt	1
TC4	pin	1
TC4	practitioner	1
TC4	charger	1
TC4	tenant	1
TC4	monetary	1
TC4	networking	1
TC4	risk	1
TC4	trap	1
TC4	proposals	1
TC4	coordinates	1
TC4	lenders	1
TC4	dos	1
TC4	dried	1
TC4	cork	1
TC4	settings	1
TC4	daughter	1
TC4	reserve	1
TC4	tactics	1
TC4	deals	1
TC4	mad	1
TC4	boobs	1
TC4	ex	1
TC4	pharmacy	1
TC4	reproductive	1
TC4	chrome	1
TC4	encryption	1
TC4	leu	1
TC4	recommend	1
TC4	collections	1
TC4	tire	1
TC4	invention	1
TC4	pipes	1
TC4	champions	1
TC4	blend	1
TC4	cb	1
TC4	retrieved	1
TC4	vulnerability	1
TC4	kansas	1
TC4	photographic	1
TC4	pioneer	1
TC4	tiffany	2
TC4	pmc	1
TC4	scheduling	1
TC4	dividend	1
TC4	shark	1
TC4	variations	1
TC4	booking	1
TC4	promoting	1
TC4	virtual	1
TC4	slowly	1
TC4	strips	1
TC4	inn	1
TC4	much	1
TC4	fraud	1
TC4	daniel	1
TC4	drive	1
TC4	equipped	1
TC4	somehow	1
TC4	calgary	1
TC4	photograph	1
TC4	strike	1
TC4	toll	1
TC4	native	1
TC4	or	1
TC4	toe	1
TC4	programme	1
TC4	stage	1
TC4	tiger	1
TC4	effects	1
TC4	items	1
TC4	corporate	1
TC4	improvement	1
TC4	stan	1
TC4	durable	1
TC4	controller	1
TC4	stewart	1
TC4	sr	1
TC4	sculpture	1
TC4	murder	1
TC4	wedding	1
TC4	gathered	1
TC4	pas	1
TC4	placing	1
TC4	defense	1
TC4	strict	1
TC4	bowling	1
TC4	imperial	1
TC4	unlock	1
TC4	resolved	1
TC4	lately	1
TC4	protocols	1
TC4	direction	1
TC4	voyuer	1
TC4	regard	1
TC4	foods	1
TC4	ft	1
TC4	dating	1
TC4	building	1
TC4	estonia	1
TC4	performs	1
TC4	equilibrium	1
TC4	sen	1
TC4	tahoe	1
TC4	disclose	1
TC4	slip	1
TC4	midlands	1
TC4	shemales	1
TC4	walking	1
TC4	racks	1
TC4	innocent	1
TC4	campaigns	1
TC4	christina	1
TC4	bulletin	1
TC4	synthesis	1
TC4	so	1
TC4	commerce	1
TC4	offensive	1
TC4	updating	1
TC4	interaction	1
TC4	received	1
TC4	ma	1
TC4	hdtv	1
TC4	rates	1
TC4	powerful	1
TC4	was	1
TC4	computing	1
TC4	cells	1
TC4	contained	1
TC4	replaced	1
TC4	calling	1
TC4	mailman	1
TC4	extent	1
TC4	corpus	1
TC4	sv	1
TC4	wishlist	1
TC4	expired	1
TC4	circular	1
TC4	-	Elapsed Time: 0.0004990100860595703 seconds
TC5	loaded	2
TC5	wilderness	5
TC5	specify	2
TC5	cole	1
TC5	telecom	1
TC5	earliest	2
TC5	uniprotkb	1
TC5	retailer	3
TC5	acquired	1
TC5	reasoning	2
TC5	breathing	1
TC5	ozone	3
TC5	hz	1
TC5	consequences	1
TC5	volume	2
TC5	isaac	2
TC5	milwaukee	1
TC5	agenda	1
TC5	roulette	2
TC5	ordinance	1
TC5	challenging	1
TC5	regions	2
TC5	faq	1
TC5	sunset	2
TC5	advantage	1
TC5	masturbating	1
TC5	biographies	1
TC5	wednesday	1
TC5	picks	2
TC5	silk	1
TC5	gossip	2
TC5	tournaments	1
TC5	entrepreneurs	2
TC5	adjust	1
TC5	designation	2
TC5	injury	3
TC5	flash	1
TC5	baptist	1
TC5	looksmart	1
TC5	mason	1
TC5	reservation	2
TC5	trustee	1
TC5	affairs	1
TC5	prints	1
TC5	enclosure	1
TC5	routes	1
TC5	metro	1
TC5	gps	4
TC5	walnut	1
TC5	bunny	1
TC5	bubble	1
TC5	moscow	3
TC5	biggest	1
TC5	forecasts	1
TC5	bunch	1
TC5	myspace	2
TC5	cancellation	1
TC5	gambling	1
TC5	amsterdam	1
TC5	md	1
TC5	introduction	2
TC5	feel	1
TC5	nigeria	1
TC5	appearing	1
TC5	system	2
TC5	applied	1
TC5	supplements	2
TC5	contractor	1
TC5	developer	1
TC5	station	3
TC5	du	1
TC5	pete	2
TC5	ie	1
TC5	expectations	1
TC5	places	1
TC5	canal	1
TC5	compute	1
TC5	americans	1
TC5	stating	1
TC5	patrick	2
TC5	assignments	2
TC5	lucy	1
TC5	unions	3
TC5	authors	1
TC5	public	1
TC5	consist	1
TC5	wave	1
TC5	headline	1
TC5	oct	2
TC5	anytime	1
TC5	modem	2
TC5	sharon	3
TC5	master	1
TC5	keeping	4
TC5	racial	1
TC5	balance	1
TC5	wire	1
TC5	testament	1
TC5	photos	2
TC5	assurance	1
TC5	casa	1
TC5	vertical	1
TC5	specialist	3
TC5	loads	1
TC5	considerable	1
TC5	counsel	1
TC5	deer	1
TC5	hilton	3
TC5	programmers	2
TC5	possibilities	2
TC5	ugly	2
TC5	presentation	2
TC5	studies	1
TC5	block	1
TC5	recent	1
TC5	favorites	1
TC5	soonest	2
TC5	right	1
TC5	comp	1
TC5	navy	2
TC5	cookbook	1
TC5	excellence	3
TC5	lover	2
TC5	quest	1
TC5	wilson	3
TC5	most	1
TC5	asin	1
TC5	potter	1
TC5	motors	1
TC5	disputes	1
TC5	kurt	3
TC5	bool	2
TC5	pulling	1
TC5	bonus	1
TC5	samoa	2
TC5	maker	2
TC5	hacker	1
TC5	allowed	1
TC5	soldier	1
TC5	plastics	1
TC5	upset	2
TC5	dock	1
TC5	elegant	1
TC5	fame	1
TC5	intense	1
TC5	hoped	2
TC5	keith	2
TC5	recognised	2
TC5	over	1
TC5	focusing	1
TC5	landscape	2
TC5	desperate	1
TC5	attraction	1
TC5	wp	1
TC5	mariah	1
TC5	warnings	1
TC5	ia	1
TC5	je	2
TC5	evaluating	1
TC5	screensaver	2
TC5	served	1
TC5	calgary	2
TC5	sponsor	2
TC5	aim	1
TC5	thoroughly	1
TC5	richmond	1
TC5	federal	2
TC5	which	1
TC5	nutten	1
TC5	gate	2
TC5	river	3
TC5	dangerous	1
TC5	reseller	3
TC5	argue	1
TC5	busty	1
TC5	theatre	2
TC5	travelling	4
TC5	predicted	1
TC5	discovery	1
TC5	broker	1
TC5	sku	1
TC5	turkish	2
TC5	managed	5
TC5	witnesses	2
TC5	gaming	2
TC5	tribune	1
TC5	threats	4
TC5	albums	1
TC5	converted	1
TC5	hospitality	1
TC5	troy	1
TC5	separately	2
TC5	hoping	2
TC5	therapist	1
TC5	souls	3
TC5	panic	1
TC5	cigarette	1
TC5	detailed	2
TC5	neighborhood	1
TC5	lone	1
TC5	strict	1
TC5	improved	2
TC5	exemption	1
TC5	afterwards	1
TC5	writes	1
TC5	patricia	1
TC5	fwd	2
TC5	revolutionary	3
TC5	rehabilitation	1
TC5	trusted	1
TC5	subject	1
TC5	di	1
TC5	mitsubishi	2
TC5	sponsors	1
TC5	tackle	1
TC5	ti	1
TC5	visibility	2
TC5	student	2
TC5	universal	3
TC5	described	2
TC5	offset	2
TC5	verzeichnis	1
TC5	shut	2
TC5	screens	2
TC5	classification	1
TC5	previews	1
TC5	retail	1
TC5	continental	1
TC5	slight	1
TC5	matched	3
TC5	saw	2
TC5	ref	2
TC5	attach	1
TC5	laundry	3
TC5	warren	2
TC5	rooms	1
TC5	coleman	2
TC5	meant	3
TC5	de	1
TC5	anybody	1
TC5	female	1
TC5	myself	1
TC5	fortune	1
TC5	lane	3
TC5	exec	1
TC5	lender	1
TC5	triangle	1
TC5	speaker	1
TC5	inches	2
TC5	insider	1
TC5	reserved	1
TC5	darwin	1
TC5	mixture	3
TC5	rights	1
TC5	negotiation	2
TC5	tee	1
TC5	andy	1
TC5	occasion	2
TC5	yn	1
TC5	confused	1
TC5	differential	1
TC5	doug	1
TC5	anywhere	1
TC5	like	1
TC5	immediately	1
TC5	arise	1
TC5	schools	5
TC5	nicaragua	1
TC5	cover	1
TC5	occurrence	2
TC5	ar	2
TC5	horse	1
TC5	climb	2
TC5	directories	1
TC5	given	2
TC5	burner	1
TC5	original	3
TC5	idol	2
TC5	proceedings	1
TC5	uganda	2
TC5	ted	1
TC5	competing	1
TC5	game	3
TC5	passion	4
TC5	exclusively	2
TC5	pda	2
TC5	spirit	2
TC5	translations	2
TC5	council	1
TC5	turns	1
TC5	dead	1
TC5	spell	2
TC5	cost	1
TC5	veterans	1
TC5	themes	2
TC5	singh	1
TC5	gel	1
TC5	upskirts	2
TC5	conferences	1
TC5	horn	2
TC5	yo	2
TC5	attendance	1
TC5	normally	1
TC5	helpful	2
TC5	raymond	1
TC5	tablets	3
TC5	astrology	1
TC5	closest	1
TC5	steering	2
TC5	carlos	1
TC5	lights	2
TC5	hours	1
TC5	tasks	1
TC5	resulting	2
TC5	scroll	2
TC5	touched	1
TC5	cet	1
TC5	pdas	1
TC5	generous	1
TC5	historic	1
TC5	belle	1
TC5	indigenous	1
TC5	hh	1
TC5	katie	1
TC5	those	1
TC5	focuses	1
TC5	offshore	1
TC5	neighbor	1
TC5	loans	1
TC5	cursor	1
TC5	cr	2
TC5	outsourcing	2
TC5	anthropology	1
TC5	mistakes	1
TC5	introduce	1
TC5	slot	1
TC5	bouquet	1
TC5	horizon	2
TC5	replication	1
TC5	bags	1
TC5	del	1
TC5	blvd	1
TC5	reel	2
TC5	sister	1
TC5	invasion	1
TC5	depending	1
TC5	beings	1
TC5	defend	2
TC5	fresh	1
TC5	push	2
TC5	flight	2
TC5	recommend	2
TC5	iso	1
TC5	scanners	1
TC5	jonathan	2
TC5	tourist	1
TC5	entries	3
TC5	pull	1
TC5	thing	2
TC5	filed	3
TC5	router	3
TC5	karen	2
TC5	blind	2
TC5	concentrations	1
TC5	listings	3
TC5	earnings	1
TC5	v	3
TC5	thickness	1
TC5	measure	1
TC5	midnight	2
TC5	integrate	1
TC5	victor	1
TC5	bless	2
TC5	pointing	3
TC5	manufacturing	3
TC5	sector	2
TC5	arkansas	1
TC5	regardless	2
TC5	mounted	1
TC5	blues	1
TC5	ways	1
TC5	blanket	1
TC5	intel	1
TC5	boxing	2
TC5	locally	3
TC5	broken	1
TC5	liabilities	1
TC5	antique	1
TC5	freight	1
TC5	valued	2
TC5	world	2
TC5	bw	2
TC5	display	1
TC5	witch	2
TC5	ye	1
TC5	rid	1
TC5	separated	1
TC5	remainder	2
TC5	hay	1
TC5	wm	2
TC5	ave	1
TC5	emperor	1
TC5	harrison	2
TC5	happened	1
TC5	hazard	2
TC5	excerpt	2
TC5	brian	1
TC5	integer	1
TC5	smoking	2
TC5	eventually	1
TC5	church	1
TC5	citizens	1
TC5	frequent	1
TC5	sv	1
TC5	opens	4
TC5	choir	1
TC5	informational	1
TC5	cooked	1
TC5	fascinating	2
TC5	inkjet	2
TC5	tell	2
TC5	was	1
TC5	began	1
TC5	horizontal	2
TC5	harmful	1
TC5	satellite	1
TC5	rapidly	1
TC5	michael	1
TC5	basically	1
TC5	propose	3
TC5	textbooks	2
TC5	helping	2
TC5	raises	1
TC5	stan	2
TC5	sorted	2
TC5	well	1
TC5	exceptions	1
TC5	products	4
TC5	desire	1
TC5	finished	1
TC5	sf	2
TC5	employment	1
TC5	glenn	1
TC5	dome	1
TC5	teens	1
TC5	expansion	1
TC5	packs	2
TC5	camcorder	1
TC5	text	2
TC5	charging	1
TC5	define	1
TC5	represent	1
TC5	twice	1
TC5	eau	3
TC5	evening	1
TC5	rider	1
TC5	minolta	1
TC5	cam	1
TC5	leader	1
TC5	salon	2
TC5	catalog	1
TC5	orbit	2
TC5	coordinate	1
TC5	erotic	1
TC5	examining	1
TC5	cedar	2
TC5	venues	1
TC5	solar	1
TC5	saver	2
TC5	killer	2
TC5	electrical	1
TC5	metabolism	1
TC5	trail	1
TC5	halo	2
TC5	rides	2
TC5	technical	2
TC5	calibration	1
TC5	fighter	2
TC5	sheep	2
TC5	sustainability	2
TC5	lafayette	1
TC5	owned	3
TC5	bernard	1
TC5	emirates	2
TC5	blend	1
TC5	lazy	1
TC5	webcams	4
TC5	salem	1
TC5	indexed	2
TC5	sync	3
TC5	treasurer	2
TC5	terrorists	1
TC5	eligible	1
TC5	fold	3
TC5	staffing	2
TC5	degree	1
TC5	commissioners	1
TC5	buyer	1
TC5	sometimes	1
TC5	warcraft	1
TC5	auckland	1
TC5	married	1
TC5	transexual	2
TC5	larger	1
TC5	mats	2
TC5	tragedy	2
TC5	sean	1
TC5	earl	2
TC5	residential	1
TC5	jurisdiction	1
TC5	fossil	2
TC5	tumor	1
TC5	obligations	2
TC5	configuring	1
TC5	relax	1
TC5	presents	2
TC5	walking	2
TC5	play	1
TC5	panties	1
TC5	witness	2
TC5	punishment	1
TC5	bookmark	1
TC5	flag	2
TC5	drum	1
TC5	disclosure	1
TC5	key	3
TC5	hats	1
TC5	manitoba	1
TC5	harmony	1
TC5	reform	1
TC5	chester	1
TC5	reporter	2
TC5	viral	2
TC5	bob	1
TC5	thailand	2
TC5	cams	2
TC5	reply	2
TC5	reviews	1
TC5	small	1
TC5	registered	2
TC5	penny	1
TC5	phrase	1
TC5	scan	1
TC5	efforts	1
TC5	closely	2
TC5	donna	1
TC5	send	1
TC5	warrant	1
TC5	demands	1
TC5	train	1
TC5	trinity	1
TC5	flashing	1
TC5	upskirt	3
TC5	condo	1
TC5	chrome	2
TC5	fathers	1
TC5	federation	1
TC5	availability	1
TC5	switch	1
TC5	thick	2
TC5	voting	1
TC5	investigated	1
TC5	gotta	1
TC5	blood	1
TC5	carb	1
TC5	reproductive	1
TC5	terrorist	4
TC5	visiting	1
TC5	oclc	2
TC5	talent	2
TC5	gently	1
TC5	fishing	1
TC5	boulevard	1
TC5	pregnancy	2
TC5	knowledgestorm	1
TC5	published	4
TC5	louise	1
TC5	usda	2
TC5	writer	1
TC5	volunteers	1
TC5	damages	1
TC5	norfolk	1
TC5	criterion	1
TC5	trailer	1
TC5	diff	1
TC5	torture	2
TC5	becomes	1
TC5	participation	1
TC5	submit	2
TC5	thriller	1
TC5	satisfaction	1
TC5	brake	1
TC5	continually	1
TC5	schemes	1
TC5	princeton	2
TC5	chess	1
TC5	muscle	1
TC5	nudity	1
TC5	dramatically	1
TC5	packaging	1
TC5	holmes	1
TC5	topless	2
TC5	boc	1
TC5	topic	1
TC5	chen	1
TC5	cook	1
TC5	geo	2
TC5	inf	3
TC5	barbados	1
TC5	caps	1
TC5	collectibles	1
TC5	salvador	1
TC5	pamela	1
TC5	doe	1
TC5	catalyst	1
TC5	desirable	2
TC5	marilyn	1
TC5	respond	2
TC5	ru	2
TC5	facts	1
TC5	pays	3
TC5	feeding	1
TC5	museum	2
TC5	clearance	1
TC5	investigator	1
TC5	drove	2
TC5	path	1
TC5	vegas	1
TC5	coupons	1
TC5	happens	2
TC5	let	1
TC5	old	1
TC5	leeds	1
TC5	sport	3
TC5	bluetooth	1
TC5	petersburg	4
TC5	genres	1
TC5	resort	1
TC5	line	2
TC5	simulations	1
TC5	getting	2
TC5	fun	1
TC5	portfolio	2
TC5	eh	1
TC5	performer	1
TC5	bahamas	1
TC5	fibre	1
TC5	individual	1
TC5	log	2
TC5	cambodia	1
TC5	nice	2
TC5	modems	1
TC5	justice	2
TC5	starts	2
TC5	maximize	2
TC5	classroom	1
TC5	directory	1
TC5	italy	3
TC5	timing	1
TC5	domestic	1
TC5	endless	1
TC5	sells	3
TC5	tariff	3
TC5	bruce	1
TC5	tutorials	1
TC5	seller	2
TC5	baskets	1
TC5	bag	1
TC5	manufactured	4
TC5	knowledge	2
TC5	framing	1
TC5	newspapers	2
TC5	influence	1
TC5	charlotte	1
TC5	specifically	1
TC5	unusual	3
TC5	shipped	1
TC5	blink	1
TC5	naples	1
TC5	intellectual	1
TC5	boobs	2
TC5	voyeurweb	1
TC5	thin	1
TC5	sexuality	1
TC5	language	1
TC5	unique	2
TC5	teddy	1
TC5	barcelona	1
TC5	clay	1
TC5	painting	2
TC5	latin	1
TC5	webmaster	3
TC5	sprint	2
TC5	locks	1
TC5	find	1
TC5	dynamic	1
TC5	located	2
TC5	milfhunter	2
TC5	cyber	1
TC5	requiring	2
TC5	nottingham	1
TC5	termination	1
TC5	bound	1
TC5	stay	1
TC5	ralph	1
TC5	narrative	1
TC5	outline	2
TC5	principle	1
TC5	luggage	1
TC5	illinois	1
TC5	kits	1
TC5	seasonal	1
TC5	informative	1
TC5	oil	2
TC5	imports	1
TC5	privileges	1
TC5	usr	2
TC5	distant	1
TC5	personal	1
TC5	corrections	1
TC5	entity	1
TC5	hills	1
TC5	proxy	2
TC5	dog	1
TC5	sega	3
TC5	competitors	1
TC5	variance	2
TC5	coalition	1
TC5	dictionary	1
TC5	oasis	1
TC5	servers	2
TC5	parliamentary	1
TC5	pig	2
TC5	contained	1
TC5	clearing	1
TC5	resulted	1
TC5	olympic	1
TC5	trip	1
TC5	fin	1
TC5	mineral	1
TC5	pan	1
TC5	wizard	1
TC5	wayne	1
TC5	penn	1
TC5	livecam	1
TC5	mortgage	2
TC5	stream	2
TC5	software	1
TC5	brochures	1
TC5	treated	2
TC5	patent	2
TC5	jpg	1
TC5	horrible	1
TC5	skype	2
TC5	thrown	1
TC5	tent	2
TC5	status	1
TC5	houston	2
TC5	coated	2
TC5	nights	1
TC5	copy	1
TC5	kentucky	2
TC5	spine	1
TC5	contribute	1
TC5	trading	2
TC5	establishing	2
TC5	combines	1
TC5	lean	1
TC5	terrace	1
TC5	condition	1
TC5	sierra	1
TC5	manager	1
TC5	holidays	1
TC5	believes	1
TC5	cox	1
TC5	campus	1
TC5	section	1
TC5	web	3
TC5	glory	2
TC5	birthday	1
TC5	eos	1
TC5	wherever	1
TC5	nursing	2
TC5	ja	1
TC5	pink	2
TC5	technological	2
TC5	despite	2
TC5	think	2
TC5	distributor	1
TC5	dr	1
TC5	ce	1
TC5	homes	1
TC5	stop	2
TC5	suggestions	4
TC5	sustainable	1
TC5	cologne	1
TC5	finishing	2
TC5	gtk	3
TC5	greater	1
TC5	numeric	2
TC5	keywords	1
TC5	craps	1
TC5	rec	3
TC5	skirts	2
TC5	mileage	1
TC5	circle	1
TC5	wiki	1
TC5	hill	2
TC5	practitioners	1
TC5	essence	2
TC5	thumb	1
TC5	estimation	1
TC5	walls	1
TC5	collective	1
TC5	shaft	1
TC5	rn	2
TC5	sacrifice	2
TC5	pic	2
TC5	nicholas	2
TC5	polished	1
TC5	publicly	3
TC5	ipod	1
TC5	experiences	1
TC5	whore	1
TC5	dies	2
TC5	lawrence	1
TC5	ooo	1
TC5	wages	1
TC5	iraqi	1
TC5	genuine	1
TC5	correspondence	1
TC5	reno	1
TC5	bringing	1
TC5	euro	3
TC5	weblog	3
TC5	rp	1
TC5	signature	3
TC5	er	2
TC5	digit	1
TC5	episode	1
TC5	rod	1
TC5	putting	2
TC5	pad	2
TC5	close	1
TC5	rio	2
TC5	oriented	1
TC5	belly	1
TC5	curriculum	1
TC5	timeline	1
TC5	oval	1
TC5	self	3
TC5	futures	1
TC5	triple	2
TC5	processed	1
TC5	lauren	1
TC5	mother	1
TC5	pf	1
TC5	slut	1
TC5	tampa	3
TC5	firmware	1
TC5	type	1
TC5	pets	5
TC5	substantially	1
TC5	subdivision	2
TC5	gold	2
TC5	physiology	2
TC5	broadcasting	1
TC5	inns	1
TC5	ruby	1
TC5	consequence	1
TC5	bits	1
TC5	martial	3
TC5	lows	2
TC5	nationally	2
TC5	manhattan	1
TC5	instrumentation	1
TC5	hometown	1
TC5	hey	1
TC5	zen	1
TC5	noble	1
TC5	edmonton	2
TC5	multiple	1
TC5	decrease	1
TC5	http	2
TC5	organic	2
TC5	portland	1
TC5	margaret	4
TC5	safe	1
TC5	latino	1
TC5	remember	3
TC5	uri	1
TC5	lowest	2
TC5	grown	2
TC5	terrible	1
TC5	um	3
TC5	golf	2
TC5	mandatory	1
TC5	soon	1
TC5	space	2
TC5	hour	1
TC5	spent	1
TC5	tray	1
TC5	mart	1
TC5	tools	1
TC5	explain	4
TC5	milton	1
TC5	sets	2
TC5	episodes	1
TC5	intl	2
TC5	uncertainty	1
TC5	spaces	1
TC5	toxic	1
TC5	jump	3
TC5	crack	1
TC5	nsw	1
TC5	two	3
TC5	erotica	1
TC5	platform	1
TC5	enb	2
TC5	practice	1
TC5	brave	1
TC5	restructuring	1
TC5	improvement	2
TC5	efficient	1
TC5	players	1
TC5	pam	2
TC5	ebook	2
TC5	distance	2
TC5	notes	2
TC5	merchandise	2
TC5	transmit	1
TC5	trademarks	2
TC5	reflect	1
TC5	closure	1
TC5	show	1
TC5	prediction	2
TC5	rugby	1
TC5	peers	1
TC5	knives	1
TC5	briefs	1
TC5	middle	1
TC5	recreational	1
TC5	proprietary	1
TC5	cleaning	1
TC5	mw	1
TC5	debian	1
TC5	veteran	2
TC5	notebooks	1
TC5	bottle	1
TC5	recommends	4
TC5	qty	1
TC5	ftp	1
TC5	wallpapers	1
TC5	photographer	1
TC5	flexible	1
TC5	tr	3
TC5	shortly	1
TC5	failure	1
TC5	clause	1
TC5	hero	2
TC5	kind	2
TC5	yrs	3
TC5	ukraine	3
TC5	depression	1
TC5	evolution	1
TC5	erik	1
TC5	characterization	1
TC5	indians	1
TC5	refine	1
TC5	metadata	1
TC5	cartoons	1
TC5	emails	1
TC5	ict	2
TC5	pulse	2
TC5	specifies	1
TC5	packed	2
TC5	hiring	1
TC5	exploration	1
TC5	installed	2
TC5	composite	1
TC5	customers	1
TC5	gale	1
TC5	expo	1
TC5	rpm	2
TC5	secretary	3
TC5	ranking	1
TC5	demographic	1
TC5	linked	2
TC5	elect	2
TC5	riding	2
TC5	yourself	1
TC5	cloudy	1
TC5	cb	2
TC5	views	2
TC5	multimedia	1
TC5	quick	2
TC5	latvia	1
TC5	incidence	1
TC5	prague	2
TC5	harper	1
TC5	fixes	1
TC5	shopping	2
TC5	european	1
TC5	utilize	1
TC5	events	1
TC5	resistant	1
TC5	diy	1
TC5	breakfast	1
TC5	priest	1
TC5	revised	1
TC5	dear	1
TC5	locked	1
TC5	marathon	2
TC5	join	3
TC5	tyler	3
TC5	pricing	2
TC5	predict	1
TC5	revenge	1
TC5	carter	1
TC5	handmade	2
TC5	elvis	1
TC5	this	2
TC5	duration	1
TC5	wrote	2
TC5	ericsson	1
TC5	sustained	1
TC5	holdem	1
TC5	includes	1
TC5	invoice	2
TC5	tower	1
TC5	lesbians	1
TC5	jar	2
TC5	grenada	1
TC5	precious	2
TC5	previous	1
TC5	opening	1
TC5	deaths	1
TC5	irish	1
TC5	late	3
TC5	normal	1
TC5	pitch	2
TC5	worldcat	4
TC5	surface	1
TC5	face	1
TC5	willing	2
TC5	happy	2
TC5	publish	1
TC5	engineering	2
TC5	powder	1
TC5	develop	1
TC5	producing	2
TC5	execution	1
TC5	duck	1
TC5	figure	1
TC5	watches	2
TC5	departmental	1
TC5	junction	1
TC5	integrity	1
TC5	gang	1
TC5	task	1
TC5	webster	1
TC5	exception	1
TC5	quantum	1
TC5	pregnant	3
TC5	semiconductor	2
TC5	suspended	1
TC5	girlfriend	1
TC5	shots	1
TC5	chapter	1
TC5	embedded	1
TC5	theaters	2
TC5	usually	1
TC5	portuguese	1
TC5	changed	1
TC5	stewart	1
TC5	softball	1
TC5	sound	1
TC5	flower	1
TC5	mixed	1
TC5	extraordinary	1
TC5	medicare	2
TC5	construction	1
TC5	harm	2
TC5	vessels	1
TC5	main	2
TC5	corps	1
TC5	doctors	1
TC5	exploring	2
TC5	found	2
TC5	robot	2
TC5	conservative	1
TC5	leonard	3
TC5	te	3
TC5	strengths	1
TC5	literary	3
TC5	murder	2
TC5	sitemap	2
TC5	sufficient	2
TC5	persian	2
TC5	ratios	1
TC5	cow	1
TC5	pac	1
TC5	ss	1
TC5	issn	2
TC5	identified	1
TC5	rim	2
TC5	inc	1
TC5	govt	1
TC5	corpus	3
TC5	da	1
TC5	coating	1
TC5	hundreds	1
TC5	dx	1
TC5	indexes	1
TC5	recommendations	1
TC5	christian	1
TC5	textile	1
TC5	opponent	1
TC5	length	2
TC5	participant	1
TC5	promised	1
TC5	optimum	1
TC5	mines	3
TC5	egypt	1
TC5	unlock	2
TC5	lp	1
TC5	chronicle	1
TC5	portrait	2
TC5	monster	1
TC5	prozac	2
TC5	usps	1
TC5	pharmacology	2
TC5	pirates	1
TC5	motels	1
TC5	guided	3
TC5	florists	1
TC5	laden	1
TC5	ui	3
TC5	hamilton	1
TC5	pakistan	1
TC5	impression	1
TC5	superintendent	1
TC5	cambridge	1
TC5	inclusion	3
TC5	urge	1
TC5	recorded	3
TC5	tony	1
TC5	herald	1
TC5	ten	1
TC5	formats	2
TC5	database	2
TC5	desired	1
TC5	green	1
TC5	hentai	2
TC5	palestinian	1
TC5	proceeding	2
TC5	roland	1
TC5	cigarettes	1
TC5	mens	1
TC5	junk	1
TC5	fragrance	2
TC5	suit	1
TC5	cv	1
TC5	xhtml	1
TC5	lou	1
TC5	wrap	4
TC5	mobility	1
TC5	sonic	2
TC5	headset	2
TC5	rational	1
TC5	engaged	1
TC5	patrol	2
TC5	employers	4
TC5	fri	1
TC5	knight	2
TC5	void	1
TC5	disks	1
TC5	compliance	1
TC5	rehab	1
TC5	james	1
TC5	med	1
TC5	happening	1
TC5	nightmare	2
TC5	eagle	2
TC5	jewellery	1
TC5	diabetes	2
TC5	museums	1
TC5	eric	1
TC5	liverpool	1
TC5	sentence	1
TC5	rhythm	2
TC5	charter	1
TC5	levitra	1
TC5	exhibitions	1
TC5	nokia	3
TC5	carnival	1
TC5	column	1
TC5	validity	3
TC5	payable	2
TC5	meyer	2
TC5	rolled	1
TC5	seeks	3
TC5	operating	2
TC5	modes	1
TC5	librarian	2
TC5	decimal	1
TC5	drinks	3
TC5	munich	3
TC5	runtime	2
TC5	capitol	1
TC5	hampton	1
TC5	streams	2
TC5	response	1
TC5	provider	2
TC5	clubs	1
TC5	farm	1
TC5	seems	2
TC5	untitled	1
TC5	mainly	1
TC5	poll	1
TC5	thu	1
TC5	estimates	1
TC5	chambers	1
TC5	surrounded	2
TC5	promise	1
TC5	user	3
TC5	flickr	1
TC5	israel	1
TC5	habits	3
TC5	dicks	1
TC5	laptops	1
TC5	sam	1
TC5	coat	1
TC5	tree	2
TC5	scotland	2
TC5	jpeg	1
TC5	livestock	1
TC5	seattle	2
TC5	gay	1
TC5	prominent	1
TC5	ordinary	2
TC5	difference	1
TC5	instant	1
TC5	yr	2
TC5	packing	2
TC5	you	1
TC5	std	1
TC5	rich	2
TC5	dresses	1
TC5	newfoundland	3
TC5	grants	1
TC5	speakers	2
TC5	wells	1
TC5	sapphire	2
TC5	ez	1
TC5	site	1
TC5	useful	4
TC5	travelers	1
TC5	snap	2
TC5	richard	1
TC5	nhs	1
TC5	created	1
TC5	shine	3
TC5	supposed	1
TC5	occupations	3
TC5	hispanic	1
TC5	hollow	2
TC5	selecting	1
TC5	dev	1
TC5	trap	3
TC5	swap	1
TC5	message	3
TC5	setup	1
TC5	using	1
TC5	enhancements	1
TC5	mpeg	1
TC5	photograph	2
TC5	chose	1
TC5	meals	2
TC5	conclusions	1
TC5	tattoo	1
TC5	pci	3
TC5	intent	2
TC5	founded	3
TC5	obviously	1
TC5	from	2
TC5	gather	2
TC5	regime	1
TC5	richardson	2
TC5	cave	1
TC5	fifth	2
TC5	www	3
TC5	radio	1
TC5	sanyo	1
TC5	surge	1
TC5	there	1
TC5	chaos	1
TC5	ceremony	1
TC5	sphere	1
TC5	pictures	2
TC5	jones	1
TC5	valium	2
TC5	size	2
TC5	floral	1
TC5	get	1
TC5	factors	1
TC5	fatal	2
TC5	risks	3
TC5	coordination	1
TC5	picking	2
TC5	reveal	1
TC5	hook	1
TC5	token	2
TC5	ferry	1
TC5	officially	1
TC5	confirmed	1
TC5	hydrocodone	1
TC5	customise	1
TC5	hair	1
TC5	satisfied	3
TC5	worcester	1
TC5	occasional	1
TC5	readings	2
TC5	leon	3
TC5	week	1
TC5	exchange	1
TC5	payday	1
TC5	double	2
TC5	collectors	1
TC5	press	2
TC5	crawford	1
TC5	dude	3
TC5	labs	1
TC5	introductory	1
TC5	firms	2
TC5	trace	1
TC5	continuous	1
TC5	stated	1
TC5	requires	3
TC5	monroe	2
TC5	logged	2
TC5	sudan	1
TC5	piece	2
TC5	forgotten	2
TC5	francisco	1
TC5	rebates	3
TC5	leslie	1
TC5	flashers	1
TC5	police	2
TC5	nb	4
TC5	route	1
TC5	sign	1
TC5	vid	1
TC5	town	1
TC5	molecules	1
TC5	victory	1
TC5	moon	2
TC5	dm	1
TC5	previously	1
TC5	thee	1
TC5	sink	2
TC5	vibrator	2
TC5	performing	1
TC5	cms	1
TC5	technique	1
TC5	improve	1
TC5	naval	2
TC5	reliable	1
TC5	refuse	1
TC5	independence	1
TC5	owner	1
TC5	emily	1
TC5	consolidation	1
TC5	clinic	1
TC5	runner	1
TC5	longitude	1
TC5	postings	1
TC5	fist	1
TC5	fees	1
TC5	labour	1
TC5	rg	1
TC5	employer	2
TC5	ultimately	2
TC5	highway	1
TC5	samsung	2
TC5	worth	1
TC5	shakespeare	2
TC5	essential	1
TC5	colonial	1
TC5	meet	1
TC5	plates	1
TC5	widely	2
TC5	hl	3
TC5	expressions	1
TC5	strip	3
TC5	circles	1
TC5	submission	1
TC5	expanding	2
TC5	neck	1
TC5	compatibility	1
TC5	threshold	2
TC5	colored	2
TC5	transcription	2
TC5	seed	2
TC5	plan	1
TC5	xerox	1
TC5	indices	1
TC5	regularly	1
TC5	cuisine	1
TC5	newport	1
TC5	orientation	2
TC5	nearly	2
TC5	legitimate	2
TC5	keno	2
TC5	senator	1
TC5	summer	3
TC5	savings	1
TC5	though	1
TC5	fifty	1
TC5	remote	2
TC5	rangers	1
TC5	projected	1
TC5	question	1
TC5	ka	1
TC5	sap	1
TC5	concerning	1
TC5	eugene	1
TC5	trim	1
TC5	civilization	1
TC5	switches	2
TC5	testing	1
TC5	defendant	1
TC5	fully	2
TC5	pontiac	1
TC5	whereas	2
TC5	portraits	2
TC5	dave	1
TC5	last	1
TC5	kids	1
TC5	projector	2
TC5	sbjct	1
TC5	rica	3
TC5	ships	1
TC5	representatives	3
TC5	explicit	3
TC5	infected	1
TC5	jm	1
TC5	enter	1
TC5	lbs	2
TC5	peace	1
TC5	please	1
TC5	plc	2
TC5	sail	1
TC5	computed	1
TC5	considering	1
TC5	fancy	2
TC5	grill	1
TC5	definitions	1
TC5	photographic	1
TC5	permanent	2
TC5	low	1
TC5	sunrise	2
TC5	legal	2
TC5	towns	2
TC5	clips	1
TC5	singer	1
TC5	colorado	1
TC5	imagination	1
TC5	respondent	1
TC5	conceptual	1
TC5	ni	2
TC5	mongolia	2
TC5	constant	1
TC5	soc	1
TC5	enlargement	1
TC5	subjects	3
TC5	diane	1
TC5	forums	2
TC5	shot	1
TC5	legendary	2
TC5	throwing	3
TC5	showers	2
TC5	depend	1
TC5	resolved	2
TC5	need	1
TC5	keep	3
TC5	dist	2
TC5	repeat	1
TC5	selective	1
TC5	practical	1
TC5	helicopter	1
TC5	detective	1
TC5	reward	1
TC5	sep	1
TC5	library	1
TC5	speeds	1
TC5	newest	1
TC5	focus	1
TC5	instrument	1
TC5	photo	2
TC5	towards	2
TC5	resolution	2
TC5	lined	1
TC5	traveler	2
TC5	portions	1
TC5	contrast	1
TC5	construct	1
TC5	crap	1
TC5	publication	1
TC5	completed	1
TC5	deluxe	1
TC5	england	2
TC5	switzerland	2
TC5	killing	1
TC5	navigate	2
TC5	terminal	2
TC5	knit	2
TC5	roots	1
TC5	fred	2
TC5	index	1
TC5	grocery	2
TC5	scott	1
TC5	tries	1
TC5	continuously	1
TC5	twenty	2
TC5	com	1
TC5	pole	1
TC5	derby	1
TC5	unlikely	1
TC5	reliability	1
TC5	signed	1
TC5	hybrid	1
TC5	frank	2
TC5	kingston	2
TC5	reproduce	1
TC5	ecological	2
TC5	treasures	1
TC5	prophet	1
TC5	source	2
TC5	powerpoint	2
TC5	criticism	1
TC5	pgp	2
TC5	populations	1
TC5	harris	3
TC5	yeah	1
TC5	want	2
TC5	zdnet	2
TC5	ser	1
TC5	include	1
TC5	fixed	1
TC5	distinction	1
TC5	gazette	2
TC5	order	2
TC5	commented	1
TC5	overview	3
TC5	jeep	1
TC5	farmers	1
TC5	why	3
TC5	mortgages	1
TC5	reverse	2
TC5	facial	1
TC5	environmental	1
TC5	prompt	1
TC5	marks	1
TC5	scene	1
TC5	urban	2
TC5	repairs	1
TC5	wordpress	2
TC5	ht	1
TC5	emotions	1
TC5	partially	2
TC5	subscribe	2
TC5	respected	3
TC5	russell	1
TC5	matter	3
TC5	prix	1
TC5	dp	1
TC5	totally	1
TC5	emphasis	2
TC5	grace	1
TC5	len	2
TC5	font	1
TC5	deborah	1
TC5	required	2
TC5	mandate	2
TC5	kill	1
TC5	directive	1
TC5	help	1
TC5	represented	3
TC5	politicians	1
TC5	dec	1
TC5	total	1
TC5	cope	1
TC5	lie	1
TC5	detroit	1
TC5	layout	2
TC5	poetry	1
TC5	restricted	1
TC5	suse	1
TC5	supported	1
TC5	serbia	3
TC5	maintains	1
TC5	jamie	1
TC5	thumbnail	1
TC5	van	2
TC5	vocabulary	1
TC5	norm	1
TC5	drops	2
TC5	warranties	3
TC5	whilst	1
TC5	dosage	1
TC5	creation	1
TC5	fiji	1
TC5	dynamics	1
TC5	denver	1
TC5	editorials	1
TC5	fit	1
TC5	making	1
TC5	pdt	1
TC5	greece	2
TC5	dirty	1
TC5	radiation	1
TC5	ny	1
TC5	thousand	1
TC5	leading	1
TC5	discs	1
TC5	mainstream	1
TC5	hose	1
TC5	paste	1
TC5	fa	1
TC5	sexo	2
TC5	cooperative	1
TC5	cubic	1
TC5	strength	1
TC5	june	2
TC5	nurses	2
TC5	tuesday	1
TC5	means	1
TC5	fly	2
TC5	relaxation	1
TC5	inflation	1
TC5	harry	1
TC5	multi	1
TC5	negative	1
TC5	former	1
TC5	finder	1
TC5	usage	3
TC5	temperature	1
TC5	taxi	2
TC5	disney	1
TC5	lauderdale	1
TC5	sept	1
TC5	opt	2
TC5	dominican	1
TC5	config	1
TC5	say	1
TC5	forget	1
TC5	taiwan	1
TC5	seem	1
TC5	henderson	1
TC5	trout	1
TC5	sales	2
TC5	vibrators	1
TC5	molecular	1
TC5	graph	2
TC5	critics	1
TC5	family	1
TC5	suburban	1
TC5	dozens	2
TC5	ice	1
TC5	testimonials	2
TC5	ph	2
TC5	watts	1
TC5	rv	1
TC5	deliver	1
TC5	drunk	1
TC5	musicians	1
TC5	yea	1
TC5	seas	1
TC5	increasing	2
TC5	news	1
TC5	handled	2
TC5	joyce	1
TC5	til	1
TC5	fight	1
TC5	mike	1
TC5	connecticut	1
TC5	gary	1
TC5	wed	1
TC5	executive	1
TC5	wang	1
TC5	strategies	1
TC5	soa	1
TC5	prince	2
TC5	shield	1
TC5	databases	1
TC5	pocket	2
TC5	madrid	1
TC5	purchase	2
TC5	television	1
TC5	noise	1
TC5	escorts	1
TC5	upload	1
TC5	mixer	2
TC5	wichita	1
TC5	infant	1
TC5	few	1
TC5	postage	1
TC5	guy	1
TC5	prescription	1
TC5	stopping	2
TC5	propecia	1
TC5	stephen	1
TC5	intersection	1
TC5	guitar	1
TC5	sorry	1
TC5	mentioned	2
TC5	random	1
TC5	leasing	2
TC5	invention	2
TC5	worthy	1
TC5	named	1
TC5	olive	2
TC5	reset	1
TC5	resident	1
TC5	physicians	1
TC5	secretariat	1
TC5	sounds	2
TC5	tub	1
TC5	laura	1
TC5	requirements	1
TC5	davis	1
TC5	price	1
TC5	such	1
TC5	result	1
TC5	fantastic	1
TC5	silicon	1
TC5	indianapolis	1
TC5	keyboards	2
TC5	settings	2
TC5	visit	1
TC5	fix	1
TC5	nuclear	2
TC5	mazda	1
TC5	rain	2
TC5	lessons	1
TC5	toolbox	1
TC5	qualities	4
TC5	favorite	2
TC5	theories	1
TC5	margin	2
TC5	organized	1
TC5	proof	1
TC5	pct	1
TC5	toshiba	2
TC5	haiti	1
TC5	transfers	1
TC5	sources	1
TC5	hop	1
TC5	fort	2
TC5	penetration	2
TC5	farms	1
TC5	convenience	1
TC5	instructor	1
TC5	jane	2
TC5	der	1
TC5	dakota	1
TC5	contents	1
TC5	hottest	1
TC5	metropolitan	1
TC5	livesex	2
TC5	serves	1
TC5	ties	2
TC5	premier	1
TC5	tribal	2
TC5	settlement	1
TC5	grip	1
TC5	hope	1
TC5	l	1
TC5	partners	1
TC5	quarters	2
TC5	wow	1
TC5	jury	1
TC5	reaction	1
TC5	soup	2
TC5	whole	2
TC5	shadow	1
TC5	macro	1
TC5	hold	2
TC5	tables	3
TC5	consultant	1
TC5	mary	1
TC5	limited	1
TC5	not	2
TC5	shed	1
TC5	divorce	1
TC5	resistance	2
TC5	signs	1
TC5	looking	1
TC5	kick	1
TC5	treasure	2
TC5	lithuania	1
TC5	vitamin	2
TC5	moderate	1
TC5	refurbished	2
TC5	factory	1
TC5	liz	1
TC5	hands	1
TC5	sewing	1
TC5	nam	1
TC5	duke	1
TC5	countries	1
TC5	stainless	1
TC5	shaved	1
TC5	ongoing	1
TC5	findlaw	1
TC5	twisted	2
TC5	network	2
TC5	finances	1
TC5	members	1
TC5	vitamins	1
TC5	moral	2
TC5	dem	1
TC5	subcommittee	1
TC5	wanting	1
TC5	reason	1
TC5	preference	1
TC5	scotia	1
TC5	tall	2
TC5	gm	1
TC5	pp	2
TC5	nerve	1
TC5	sur	1
TC5	following	1
TC5	hawk	1
TC5	mali	1
TC5	inventory	2
TC5	dealt	1
TC5	remove	1
TC5	ne	1
TC5	tech	2
TC5	encounter	1
TC5	valentine	1
TC5	pound	1
TC5	guardian	1
TC5	priced	3
TC5	event	2
TC5	mounts	2
TC5	staying	2
TC5	next	1
TC5	doctor	1
TC5	sao	1
TC5	drivers	1
TC5	reunion	1
TC5	grey	1
TC5	ira	1
TC5	debate	1
TC5	hopefully	1
TC5	tip	2
TC5	outdoor	1
TC5	retreat	1
TC5	expired	1
TC5	incoming	1
TC5	yen	1
TC5	parks	2
TC5	fabrics	1
TC5	mug	1
TC5	eddie	1
TC5	hall	1
TC5	wound	1
TC5	sexually	2
TC5	renaissance	2
TC5	islam	1
TC5	product	2
TC5	forty	1
TC5	iraq	3
TC5	spy	1
TC5	rj	1
TC5	generally	1
TC5	preventing	1
TC5	faster	1
TC5	terms	1
TC5	openings	1
TC5	hollywood	1
TC5	wu	1
TC5	instance	1
TC5	spec	3
TC5	thinkpad	2
TC5	ep	2
TC5	sentences	4
TC5	improving	1
TC5	goals	1
TC5	lens	1
TC5	pressure	1
TC5	imagine	1
TC5	warriors	1
TC5	invision	2
TC5	heated	1
TC5	queries	1
TC5	desktops	1
TC5	dns	1
TC5	symposium	3
TC5	involvement	1
TC5	powell	1
TC5	races	1
TC5	toy	3
TC5	said	1
TC5	shipping	1
TC5	elizabeth	1
TC5	suite	1
TC5	patents	2
TC5	polls	1
TC5	prerequisite	1
TC5	readily	1
TC5	cosmetic	1
TC5	quantities	1
TC5	elected	1
TC5	sat	1
TC5	markets	1
TC5	free	1
TC5	spirits	3
TC5	rebecca	1
TC5	migration	3
TC5	tranny	2
TC5	girls	1
TC5	mtv	1
TC5	mo	1
TC5	operator	1
TC5	mild	1
TC5	searchcom	1
TC5	workshop	2
TC5	liberty	1
TC5	quarterly	1
TC5	likelihood	1
TC5	lisa	1
TC5	manuals	1
TC5	dept	1
TC5	organizations	3
TC5	simon	1
TC5	tabs	2
TC5	gain	1
TC5	principal	1
TC5	lg	3
TC5	roll	1
TC5	signal	1
TC5	ing	1
TC5	tribute	2
TC5	roster	1
TC5	ln	1
TC5	marvel	1
TC5	victims	2
TC5	forever	1
TC5	install	1
TC5	shooting	2
TC5	est	1
TC5	tested	1
TC5	julia	2
TC5	trio	2
TC5	jets	1
TC5	lovers	2
TC5	downtown	3
TC5	ext	1
TC5	related	1
TC5	trucks	1
TC5	obesity	1
TC5	institute	2
TC5	displaying	1
TC5	everywhere	2
TC5	symphony	1
TC5	nirvana	1
TC5	postal	1
TC5	principles	1
TC5	formatting	1
TC5	pet	1
TC5	funded	1
TC5	missile	2
TC5	talented	1
TC5	suppliers	1
TC5	dans	1
TC5	drill	2
TC5	majority	1
TC5	outputs	1
TC5	gifts	1
TC5	microphone	2
TC5	evans	2
TC5	organize	1
TC5	vehicles	1
TC5	plaza	1
TC5	institutions	2
TC5	loop	2
TC5	letter	1
TC5	disposal	1
TC5	we	1
TC5	draw	1
TC5	hd	1
TC5	operation	1
TC5	examinations	1
TC5	viewers	1
TC5	incident	2
TC5	pl	1
TC5	winds	1
TC5	oral	2
TC5	fares	1
TC5	lime	1
TC5	evaluations	2
TC5	royal	1
TC5	violence	1
TC5	stomach	1
TC5	touring	1
TC5	wagner	1
TC5	latinas	2
TC5	un	1
TC5	protected	1
TC5	hotmail	2
TC5	southampton	1
TC5	sie	1
TC5	medicines	2
TC5	then	2
TC5	hawaiian	1
TC5	intro	1
TC5	gravity	1
TC5	kg	5
TC5	lm	1
TC5	door	1
TC5	recreation	3
TC5	exclusion	2
TC5	yemen	1
TC5	retrieved	1
TC5	robin	2
TC5	gordon	1
TC5	split	2
TC5	motorcycle	1
TC5	straight	2
TC5	guitars	2
TC5	grove	1
TC5	tex	1
TC5	tobago	2
TC5	sofa	1
TC5	thirty	3
TC5	donate	1
TC5	painful	1
TC5	kay	3
TC5	pages	2
TC5	recipients	1
TC5	marked	1
TC5	ministry	2
TC5	el	2
TC5	fast	1
TC5	gross	1
TC5	luther	1
TC5	efficiency	2
TC5	petite	1
TC5	inexpensive	1
TC5	perfume	1
TC5	tension	2
TC5	resorts	2
TC5	work	1
TC5	updated	1
TC5	rating	2
TC5	screening	2
TC5	teenage	1
TC5	minimize	2
TC5	worry	1
TC5	xml	2
TC5	possibly	2
TC5	milk	1
TC5	marking	2
TC5	similarly	1
TC5	sudden	2
TC5	paid	2
TC5	her	1
TC5	editors	1
TC5	deleted	1
TC5	side	2
TC5	fence	1
TC5	finnish	2
TC5	delicious	1
TC5	pillow	1
TC5	unavailable	1
TC5	unfortunately	2
TC5	elements	1
TC5	mechanical	1
TC5	showed	1
TC5	pts	1
TC5	sh	1
TC5	def	1
TC5	statistics	3
TC5	eternal	1
TC5	frontier	1
TC5	seasons	4
TC5	weblogs	2
TC5	playlist	2
TC5	pace	1
TC5	studying	1
TC5	details	1
TC5	forward	2
TC5	nt	3
TC5	disposition	1
TC5	fiction	2
TC5	lounge	2
TC5	loud	4
TC5	lincoln	1
TC5	father	1
TC5	porsche	2
TC5	spears	2
TC5	expenses	1
TC5	identify	1
TC5	problem	1
TC5	people	1
TC5	tvs	1
TC5	lives	1
TC5	yield	2
TC5	enabled	1
TC5	pair	2
TC5	permission	2
TC5	economy	1
TC5	kelly	1
TC5	stickers	1
TC5	moving	2
TC5	doom	1
TC5	invite	1
TC5	shoppingcom	2
TC5	transexuales	2
TC5	heating	2
TC5	sunglasses	1
TC5	isbn	1
TC5	provinces	1
TC5	snowboard	1
TC5	standing	3
TC5	university	1
TC5	pathology	1
TC5	waterproof	2
TC5	lamp	1
TC5	infection	1
TC5	parent	1
TC5	through	1
TC5	hat	2
TC5	samples	2
TC5	storm	2
TC5	squad	1
TC5	mod	1
TC5	gourmet	1
TC5	mission	2
TC5	likely	2
TC5	flu	1
TC5	projects	1
TC5	operate	1
TC5	wallace	1
TC5	have	1
TC5	pubmed	1
TC5	operates	2
TC5	foundation	1
TC5	forests	1
TC5	vatican	1
TC5	outcome	1
TC5	house	1
TC5	incentives	1
TC5	monthly	1
TC5	throws	1
TC5	ons	1
TC5	literacy	1
TC5	physical	2
TC5	prime	2
TC5	outlet	1
TC5	platforms	1
TC5	tim	1
TC5	mature	3
TC5	routine	1
TC5	pros	1
TC5	hist	1
TC5	reporting	1
TC5	nikon	1
TC5	son	3
TC5	weapon	2
TC5	hyundai	1
TC5	subsequent	1
TC5	maternity	2
TC5	fisher	1
TC5	reviewing	2
TC5	rows	2
TC5	produce	1
TC5	six	2
TC5	serum	1
TC5	permalink	1
TC5	instruments	2
TC5	samba	1
TC5	rx	3
TC5	omissions	1
TC5	looks	1
TC5	grammar	1
TC5	precise	1
TC5	html	1
TC5	roles	1
TC5	soviet	1
TC5	venezuela	1
TC5	forecast	1
TC5	management	1
TC5	np	1
TC5	ought	2
TC5	technician	1
TC5	recovered	1
TC5	marcus	1
TC5	vids	1
TC5	toronto	1
TC5	educational	1
TC5	uzbekistan	2
TC5	participating	1
TC5	dollars	1
TC5	manufacturers	1
TC5	running	1
TC5	sand	2
TC5	offense	1
TC5	shorts	2
TC5	grade	1
TC5	ontario	1
TC5	iii	1
TC5	sa	1
TC5	encourages	1
TC5	someone	1
TC5	pixels	2
TC5	thumbzilla	1
TC5	stuff	1
TC5	plugin	1
TC5	providers	2
TC5	faqs	1
TC5	rage	1
TC5	legislature	1
TC5	legislation	1
TC5	hazards	2
TC5	streets	1
TC5	disciplines	1
TC5	ourselves	1
TC5	modeling	1
TC5	journalism	1
TC5	fd	1
TC5	doing	1
TC5	rat	1
TC5	furnished	1
TC5	pope	1
TC5	misc	1
TC5	pot	2
TC5	science	1
TC5	history	1
TC5	southwest	2
TC5	rendered	2
TC5	housewares	1
TC5	protect	1
TC5	edt	1
TC5	parts	1
TC5	networks	1
TC5	goes	1
TC5	lloyd	1
TC5	gospel	1
TC5	mexican	1
TC5	instead	1
TC5	rear	1
TC5	moves	1
TC5	structural	2
TC5	finals	1
TC5	grad	1
TC5	pharmaceutical	2
TC5	do	1
TC5	nodes	1
TC5	guaranteed	1
TC5	stripes	1
TC5	yarn	3
TC5	kills	2
TC5	suggest	1
TC5	tablet	3
TC5	moore	1
TC5	ea	2
TC5	earned	1
TC5	encouraging	1
TC5	plants	3
TC5	rubber	1
TC5	hierarchy	1
TC5	ec	1
TC5	safely	1
TC5	pushed	2
TC5	nj	2
TC5	foundations	1
TC5	planners	2
TC5	india	1
TC5	fy	1
TC5	native	1
TC5	ensure	1
TC5	helena	1
TC5	locale	1
TC5	maria	1
TC5	montana	1
TC5	medication	1
TC5	ol	2
TC5	hydrogen	1
TC5	dna	1
TC5	tract	1
TC5	extends	1
TC5	skills	1
TC5	josh	1
TC5	logistics	1
TC5	duties	1
TC5	une	2
TC5	troops	1
TC5	instructions	2
TC5	telescope	1
TC5	pins	1
TC5	ireland	1
TC5	regression	1
TC5	stud	1
TC5	lance	1
TC5	tale	1
TC5	investigation	1
TC5	song	1
TC5	domains	1
TC5	lower	1
TC5	threesome	1
TC5	economies	1
TC5	pipe	1
TC5	measured	1
TC5	election	1
TC5	jewelry	2
TC5	hotels	2
TC5	inclusive	1
TC5	vegetables	1
TC5	hopes	2
TC5	rap	1
TC5	infinite	1
TC5	prefix	1
TC5	rl	1
TC5	rw	1
TC5	thehun	1
TC5	stevens	1
TC5	protective	1
TC5	sale	1
TC5	equity	1
TC5	judgment	1
TC5	travel	1
TC5	monetary	2
TC5	recipes	1
TC5	offering	1
TC5	newark	1
TC5	heart	1
TC5	holds	2
TC5	mall	1
TC5	singing	1
TC5	monitoring	2
TC5	query	1
TC5	submitted	2
TC5	mention	2
TC5	gregory	1
TC5	including	1
TC5	promotions	1
TC5	outcomes	1
TC5	ears	1
TC5	industry	1
TC5	expansys	1
TC5	on	1
TC5	rel	1
TC5	longer	1
TC5	inn	1
TC5	reflection	1
TC5	poker	3
TC5	enterprise	1
TC5	ra	1
TC5	yamaha	1
TC5	twinks	1
TC5	sullivan	1
TC5	planner	1
TC5	emerald	1
TC5	families	1
TC5	quiet	1
TC5	promptly	1
TC5	much	1
TC5	officer	1
TC5	sites	2
TC5	lf	2
TC5	slow	1
TC5	tomorrow	1
TC5	panels	1
TC5	texts	1
TC5	flip	1
TC5	filme	1
TC5	graphics	1
TC5	marion	2
TC5	pharmaceuticals	1
TC5	tap	1
TC5	ri	1
TC5	festival	1
TC5	respectively	2
TC5	gore	1
TC5	surname	1
TC5	extensive	1
TC5	mathematics	1
TC5	prefers	1
TC5	rr	1
TC5	merge	2
TC5	nashville	1
TC5	violation	1
TC5	liquid	1
TC5	medal	1
TC5	shopzilla	2
TC5	pizza	1
TC5	franklin	1
TC5	secondary	1
TC5	halifax	1
TC5	perform	1
TC5	monte	1
TC5	maximum	1
TC5	password	1
TC5	kerry	1
TC5	inch	1
TC5	rwanda	2
TC5	tf	2
TC5	ground	3
TC5	helped	1
TC5	hiking	1
TC5	package	1
TC5	kevin	2
TC5	framed	1
TC5	licenses	1
TC5	vehicle	1
TC5	turn	2
TC5	fans	1
TC5	isp	1
TC5	jewish	3
TC5	faces	1
TC5	later	1
TC5	sharing	2
TC5	sm	1
TC5	processing	1
TC5	enable	1
TC5	pediatric	2
TC5	objective	2
TC5	pas	1
TC5	hearings	1
TC5	quilt	1
TC5	sorts	1
TC5	na	1
TC5	liability	1
TC5	steven	2
TC5	input	1
TC5	guinea	2
TC5	sticks	1
TC5	rescue	1
TC5	promote	1
TC5	homepage	1
TC5	linux	1
TC5	targets	1
TC5	shakira	1
TC5	levels	1
TC5	shop	2
TC5	heather	1
TC5	editions	1
TC5	layers	1
TC5	food	1
TC5	peripheral	1
TC5	sucks	1
TC5	released	3
TC5	mini	1
TC5	fw	1
TC5	ranks	1
TC5	rural	2
TC5	handjob	1
TC5	unnecessary	1
TC5	tag	2
TC5	fur	1
TC5	injured	1
TC5	hockey	1
TC5	novels	1
TC5	trackback	3
TC5	vinyl	1
TC5	furthermore	1
TC5	wr	1
TC5	volkswagen	1
TC5	signing	2
TC5	initiative	1
TC5	neither	1
TC5	saturday	1
TC5	list	1
TC5	effective	1
TC5	manchester	1
TC5	halfcom	2
TC5	polyphonic	1
TC5	permissions	2
TC5	rarely	1
TC5	many	2
TC5	rental	1
TC5	sen	3
TC5	teaches	1
TC5	tokyo	1
TC5	induction	1
TC5	swift	1
TC5	newbie	2
TC5	joy	1
TC5	garmin	1
TC5	particles	1
TC5	sql	1
TC5	speak	1
TC5	relation	1
TC5	gage	1
TC5	pop	1
TC5	results	3
TC5	usa	2
TC5	oliver	1
TC5	restrict	3
TC5	exit	1
TC5	hq	1
TC5	gov	1
TC5	supplied	1
TC5	optics	2
TC5	minutes	1
TC5	retain	2
TC5	oracle	1
TC5	invalid	1
TC5	intake	1
TC5	rogers	2
TC5	outreach	1
TC5	objectives	1
TC5	worked	2
TC5	filing	1
TC5	tickets	1
TC5	miles	1
TC5	wash	1
TC5	teachers	1
TC5	processors	1
TC5	io	1
TC5	trader	2
TC5	niagara	2
TC5	isa	1
TC5	purpose	2
TC5	replace	3
TC5	tactics	1
TC5	printable	1
TC5	qatar	1
TC5	rip	1
TC5	surf	2
TC5	investigations	1
TC5	nevertheless	1
TC5	pavilion	2
TC5	essay	1
TC5	periods	1
TC5	force	1
TC5	traveling	2
TC5	powerseller	1
TC5	forest	1
TC5	thong	1
TC5	liberal	3
TC5	fonts	1
TC5	privacy	2
TC5	pub	3
TC5	revolution	3
TC5	sim	2
TC5	expenditures	1
TC5	painted	2
TC5	identical	2
TC5	oc	1
TC5	predictions	1
TC5	lite	1
TC5	manner	1
TC5	garlic	2
TC5	fruits	1
TC5	makeup	3
TC5	recognized	1
TC5	gbp	2
TC5	high	1
TC5	measurement	1
TC5	resolutions	1
TC5	substances	1
TC5	lynn	1
TC5	wrestling	1
TC5	spreading	2
TC5	proposition	1
TC5	suzuki	1
TC5	isle	1
TC5	supports	3
TC5	records	2
TC5	toner	4
TC5	module	1
TC5	refinance	2
TC5	outer	2
TC5	holes	1
TC5	miniature	1
TC5	ever	1
TC5	moments	1
TC5	fitting	1
TC5	receives	3
TC5	entering	1
TC5	lobby	1
TC5	immediate	1
TC5	vincent	2
TC5	genealogy	1
TC5	hosts	1
TC5	severe	1
TC5	online	1
TC5	jeffrey	1
TC5	mobiles	1
TC5	nipple	1
TC5	violations	1
TC5	wallet	1
TC5	sr	1
TC5	styles	1
TC5	res	1
TC5	oak	1
TC5	exceptional	1
TC5	funky	1
TC5	ins	1
TC5	squirting	1
TC5	newer	2
TC5	own	1
TC5	ring	1
TC5	transportation	1
TC5	finally	1
TC5	likes	1
TC5	open	1
TC5	street	1
TC5	involve	1
TC5	oxide	3
TC5	jack	2
TC5	questions	1
TC5	update	1
TC5	finish	1
TC5	shoppers	2
TC5	exercises	1
TC5	illustration	1
TC5	genes	1
TC5	spies	1
TC5	nh	1
TC5	wal	2
TC5	harold	1
TC5	opposite	2
TC5	varied	2
TC5	grid	1
TC5	judges	1
TC5	notifications	1
TC5	meets	1
TC5	pokemon	1
TC5	excessive	1
TC5	eur	1
TC5	springfield	1
TC5	suggested	1
TC5	sublime	1
TC5	hear	1
TC5	ward	2
TC5	passenger	1
TC5	hotelscom	2
TC5	symantec	1
TC5	laughing	1
TC5	transition	2
TC5	uw	1
TC5	percentage	1
TC5	officers	3
TC5	marie	1
TC5	guild	2
TC5	mins	1
TC5	zealand	1
TC5	toolkit	1
TC5	yeast	1
TC5	utils	1
TC5	host	1
TC5	todd	2
TC5	girl	2
TC5	fear	1
TC5	ship	1
TC5	exhibit	1
TC5	qualify	2
TC5	tires	1
TC5	underground	1
TC5	playing	1
TC5	gentleman	1
TC5	fetish	1
TC5	server	2
TC5	garage	1
TC5	memphis	1
TC5	intelligent	1
TC5	institution	2
TC5	lexus	1
TC5	ncaa	1
TC5	execute	1
TC5	home	1
TC5	toddler	1
TC5	rolling	1
TC5	george	1
TC5	twist	1
TC5	shelter	1
TC5	millennium	2
TC5	feedback	1
TC5	famous	1
TC5	muze	2
TC5	steady	2
TC5	favour	1
TC5	respondents	1
TC5	hygiene	1
TC5	thanks	2
TC5	spray	3
TC5	sea	1
TC5	fixtures	1
TC5	per	1
TC5	gray	1
TC5	mx	3
TC5	reject	1
TC5	returned	1
TC5	passing	1
TC5	programmes	1
TC5	qualified	2
TC5	knights	1
TC5	filters	1
TC5	nepal	1
TC5	transport	1
TC5	worldwide	1
TC5	goto	1
TC5	kazakhstan	1
TC5	leather	1
TC5	summit	1
TC5	visitors	3
TC5	extent	1
TC5	fork	1
TC5	valuation	1
TC5	losing	1
TC5	telecharger	1
TC5	lending	1
TC5	opportunities	1
TC5	lived	1
TC5	pockets	1
TC5	mailed	1
TC5	fcc	1
TC5	heavily	2
TC5	inquire	2
TC5	researcher	1
TC5	tour	2
TC5	wage	1
TC5	shoe	1
TC5	russian	1
TC5	pale	3
TC5	mounting	2
TC5	mean	1
TC5	russia	1
TC5	sb	2
TC5	humans	1
TC5	ridge	1
TC5	external	1
TC5	optional	1
TC5	lap	1
TC5	parish	2
TC5	ordering	1
TC5	objects	1
TC5	menu	2
TC5	marriage	2
TC5	remarkable	2
TC5	mv	1
TC5	remark	2
TC5	square	1
TC5	siemens	3
TC5	far	1
TC5	ty	1
TC5	unknown	1
TC5	trembl	2
TC5	nomination	1
TC5	glad	1
TC5	frederick	1
TC5	summary	3
TC5	soldiers	1
TC5	inspections	1
TC5	oz	1
TC5	productivity	1
TC5	personnel	3
TC5	helps	1
TC5	sys	1
TC5	newscom	2
TC5	largest	1
TC5	sl	2
TC5	patient	1
TC5	spending	1
TC5	rico	1
TC5	partnerships	1
TC5	sd	1
TC5	surrounding	2
TC5	sex	1
TC5	salmon	1
TC5	substantial	1
TC5	wx	1
TC5	navigator	2
TC5	lo	2
TC5	msgid	1
TC5	imposed	1
TC5	he	1
TC5	regional	1
TC5	school	1
TC5	hartford	2
TC5	puts	1
TC5	sheffield	3
TC5	savannah	2
TC5	supervisors	1
TC5	negotiations	1
TC5	magical	1
TC5	screen	1
TC5	sn	1
TC5	mega	1
TC5	sheet	1
TC5	reserves	1
TC5	point	1
TC5	featured	1
TC5	jackie	2
TC5	theater	1
TC5	ready	1
TC5	transcripts	1
TC5	ko	1
TC5	lycos	2
TC5	shown	1
TC5	otherwise	1
TC5	rank	1
TC5	struggle	2
TC5	stations	1
TC5	neighbors	1
TC5	trust	1
TC5	rather	1
TC5	surveillance	1
TC5	intended	2
TC5	markers	1
TC5	techniques	3
TC5	occupation	1
TC5	reporters	1
TC5	watershed	1
TC5	present	2
TC5	standings	1
TC5	publicity	1
TC5	vacation	1
TC5	qualification	2
TC5	vulnerable	3
TC5	payment	1
TC5	synthesis	1
TC5	frequently	2
TC5	howto	1
TC5	unauthorized	1
TC5	losses	1
TC5	sparc	2
TC5	hanging	1
TC5	obtain	1
TC5	yesterday	2
TC5	these	1
TC5	habitat	1
TC5	workflow	1
TC5	writings	1
TC5	fundamental	1
TC5	rfc	1
TC5	therefore	2
TC5	islands	1
TC5	rest	1
TC5	slovenia	1
TC5	peeing	1
TC5	highways	1
TC5	susan	1
TC5	their	2
TC5	pipeline	1
TC5	guatemala	2
TC5	problems	1
TC5	robinson	1
TC5	tend	1
TC5	prayers	1
TC5	reflections	1
TC5	survey	1
TC5	tolerance	1
TC5	hampshire	1
TC5	shore	2
TC5	insects	1
TC5	pg	1
TC5	removable	1
TC5	polymer	1
TC5	thereafter	1
TC5	teach	1
TC5	inline	1
TC5	sigma	1
TC5	responsible	1
TC5	hide	1
TC5	sodium	1
TC5	paths	1
TC5	timothy	3
TC5	shares	1
TC5	purchased	1
TC5	spank	1
TC5	ghz	1
TC5	honors	2
TC5	safety	1
TC5	finger	1
TC5	rape	2
TC5	mattress	1
TC5	wing	1
TC5	turtle	2
TC5	impact	2
TC5	los	1
TC5	variations	1
TC5	marco	1
TC5	night	3
TC5	fiscal	1
TC5	mustang	1
TC5	wind	1
TC5	protest	1
TC5	proceed	1
TC5	policy	1
TC5	ticket	2
TC5	mint	1
TC5	terror	1
TC5	trend	1
TC5	printer	1
TC5	generators	1
TC5	hints	1
TC5	jewel	1
TC5	popular	1
TC5	focused	1
TC5	grab	1
TC5	integrating	1
TC5	obj	1
TC5	gdp	1
TC5	marketing	1
TC5	wars	1
TC5	religious	1
TC5	live	1
TC5	webpage	1
TC5	honor	1
TC5	sense	2
TC5	rb	1
TC5	november	2
TC5	guest	1
TC5	success	1
TC5	valuable	1
TC5	lookup	1
TC5	jeans	1
TC5	pe	1
TC5	miami	2
TC5	florida	1
TC5	tail	1
TC5	penguin	1
TC5	slideshow	1
TC5	only	1
TC5	glossary	1
TC5	perceived	1
TC5	supplies	1
TC5	netherlands	3
TC5	ignore	1
TC5	tamil	1
TC5	jp	2
TC5	peninsula	1
TC5	nation	1
TC5	pie	2
TC5	keeps	1
TC5	silence	1
TC5	wisconsin	1
TC5	mt	1
TC5	hardcover	1
TC5	slave	2
TC5	gardening	1
TC5	offensive	1
TC5	third	1
TC5	mayor	1
TC5	pens	1
TC5	tubes	1
TC5	frankfurt	1
TC5	roger	1
TC5	totals	2
TC5	lebanon	1
TC5	no	1
TC5	kenya	1
TC5	oops	1
TC5	raw	1
TC5	sandra	2
TC5	legends	1
TC5	ks	1
TC5	myers	1
TC5	receivers	1
TC5	malawi	1
TC5	joint	1
TC5	preferred	1
TC5	style	1
TC5	left	1
TC5	handle	1
TC5	off	1
TC5	physics	1
TC5	rose	1
TC5	registration	1
TC5	lists	2
TC5	rays	1
TC5	requests	1
TC5	prior	2
TC5	ibm	1
TC5	method	1
TC5	sealed	1
TC5	tracked	2
TC5	lambda	1
TC5	sleeve	1
TC5	violin	1
TC5	housing	1
TC5	ment	1
TC5	potatoes	1
TC5	traffic	2
TC5	pill	2
TC5	verizon	1
TC5	personalized	1
TC5	proper	1
TC5	relates	4
TC5	omaha	1
TC5	up	1
TC5	micro	1
TC5	mph	1
TC5	organizer	1
TC5	surfaces	1
TC5	senegal	2
TC5	future	1
TC5	primary	1
TC5	mlb	1
TC5	lolita	2
TC5	remedy	1
TC5	sensor	1
TC5	holiday	1
TC5	trial	1
TC5	villas	1
TC5	hayes	1
TC5	madagascar	1
TC5	reasonable	3
TC5	hypothetical	1
TC5	span	1
TC5	weird	1
TC5	holy	1
TC5	several	1
TC5	implementation	1
TC5	launched	1
TC5	prisoners	1
TC5	government	1
TC5	preceding	1
TC5	reflected	2
TC5	targeted	1
TC5	saving	1
TC5	parade	2
TC5	narrow	1
TC5	within	2
TC5	struct	1
TC5	share	2
TC5	nicole	1
TC5	howard	1
TC5	german	1
TC5	vi	1
TC5	trackbacks	1
TC5	tracker	1
TC5	pasta	1
TC5	half	3
TC5	suspension	1
TC5	hc	1
TC5	refresh	1
TC5	hung	1
TC5	weather	1
TC5	ratings	1
TC5	passage	1
TC5	physician	1
TC5	nose	1
TC5	surgeon	1
TC5	global	1
TC5	sell	1
TC5	uni	1
TC5	linking	1
TC5	stuck	1
TC5	nor	1
TC5	output	1
TC5	references	1
TC5	michel	1
TC5	nail	1
TC5	shops	1
TC5	spot	1
TC5	inspiration	2
TC5	presidential	1
TC5	specs	2
TC5	ribbon	1
TC5	local	1
TC5	restrictions	1
TC5	way	1
TC5	mice	1
TC5	segment	1
TC5	sexy	1
TC5	greene	1
TC5	puzzles	1
TC5	nurse	1
TC5	harassment	1
TC5	listprice	1
TC5	infections	1
TC5	magnitude	1
TC5	me	1
TC5	guys	1
TC5	pee	1
TC5	marriott	1
TC5	positive	1
TC5	west	1
TC5	spam	1
TC5	nickel	3
TC5	guru	1
TC5	plastic	1
TC5	lip	1
TC5	won	1
TC5	precision	1
TC5	illustrated	1
TC5	holder	1
TC5	wikipedia	1
TC5	n	2
TC5	roller	1
TC5	ima	1
TC5	who	1
TC5	juice	1
TC5	masters	3
TC5	proudly	1
TC5	stupid	1
TC5	import	1
TC5	prepaid	2
TC5	seeds	1
TC5	hosting	1
TC5	million	1
TC5	teams	1
TC5	searches	1
TC5	reported	2
TC5	spa	2
TC5	mambo	1
TC5	op	1
TC5	methods	1
TC5	sick	1
TC5	hormone	1
TC5	modifications	1
TC5	operated	1
TC5	transparent	1
TC5	sing	2
TC5	palm	1
TC5	into	2
TC5	threatening	1
TC5	robert	1
TC5	sisters	1
TC5	sword	1
TC5	southern	1
TC5	litigation	1
TC5	kit	2
TC5	increase	1
TC5	walk	1
TC5	port	1
TC5	hurt	1
TC5	ours	2
TC5	podcast	1
TC5	largely	1
TC5	occupied	1
TC5	pleasant	3
TC5	mauritius	1
TC5	pack	3
TC5	passes	1
TC5	installation	1
TC5	pod	1
TC5	near	1
TC5	yearly	1
TC5	greg	1
TC5	speech	1
TC5	vii	1
TC5	infectious	1
TC5	lion	1
TC5	visitor	2
TC5	hot	1
TC5	strong	1
TC5	mn	2
TC5	paying	1
TC5	que	2
TC5	perception	1
TC5	performed	1
TC5	ventures	1
TC5	phpbb	1
TC5	other	2
TC5	movies	2
TC5	merit	1
TC5	tanks	1
TC5	rc	1
TC5	springer	2
TC5	herbal	1
TC5	philadelphia	1
TC5	workers	1
TC5	incorporated	1
TC5	remarks	1
TC5	preston	1
TC5	screenshot	1
TC5	parties	2
TC5	spotlight	1
TC5	silent	1
TC5	roughly	1
TC5	ordered	2
TC5	u	1
TC5	wooden	1
TC5	shemales	1
TC5	schedule	1
TC5	j	1
TC5	welcome	1
TC5	indicates	1
TC5	replacement	2
TC5	true	1
TC5	law	1
TC5	univ	1
TC5	wonder	1
TC5	whale	1
TC5	sleeps	1
TC5	harvey	1
TC5	ls	1
TC5	mix	1
TC5	wet	2
TC5	opinions	1
TC5	worlds	1
TC5	slim	2
TC5	pose	1
TC5	powered	1
TC5	tie	1
TC5	occurs	1
TC5	handles	1
TC5	net	1
TC5	removing	1
TC5	my	1
TC5	very	1
TC5	overseas	1
TC5	joshua	1
TC5	row	1
TC5	instructional	1
TC5	hammer	1
TC5	marina	1
TC5	mel	1
TC5	root	1
TC5	ownership	1
TC5	ou	1
TC5	lips	1
TC5	secure	1
TC5	religions	1
TC5	pattern	1
TC5	signals	2
TC5	libraries	1
TC5	literature	1
TC5	income	1
TC5	receive	1
TC5	maps	1
TC5	storage	1
TC5	replacing	1
TC5	refined	1
TC5	recruitment	1
TC5	meaning	2
TC5	malaysia	1
TC5	providence	1
TC5	sophisticated	1
TC5	nightlife	1
TC5	involved	1
TC5	mia	2
TC5	twins	2
TC5	luis	2
TC5	via	1
TC5	its	1
TC5	washer	1
TC5	transfer	1
TC5	reached	1
TC5	vendor	1
TC5	min	1
TC5	shade	2
TC5	move	1
TC5	max	2
TC5	remained	1
TC5	phd	1
TC5	liechtenstein	1
TC5	supplement	1
TC5	ltd	1
TC5	wan	1
TC5	jordan	2
TC5	statewide	1
TC5	prison	1
TC5	perfectly	2
TC5	installations	1
TC5	rail	2
TC5	k	2
TC5	interests	1
TC5	varies	1
TC5	trails	1
TC5	medicaid	2
TC5	hrs	1
TC5	pressing	1
TC5	zambia	1
TC5	skip	2
TC5	viewed	1
TC5	interactions	1
TC5	reserve	1
TC5	videos	1
TC5	smaller	1
TC5	series	1
TC5	vcr	1
TC5	spin	1
TC5	slide	1
TC5	introduces	2
TC5	save	1
TC5	tutorial	1
TC5	reveals	1
TC5	naked	1
TC5	poster	1
TC5	postcard	1
TC5	rachel	1
TC5	licence	1
TC5	movers	1
TC5	idea	1
TC5	lyric	2
TC5	sic	1
TC5	simplified	1
TC5	scuba	1
TC5	passed	1
TC5	istanbul	1
TC5	ion	1
TC5	starter	1
TC5	village	1
TC5	romantic	1
TC5	tp	1
TC5	sensors	1
TC5	latex	1
TC5	rice	1
TC5	personals	1
TC5	make	1
TC5	subaru	1
TC5	unix	1
TC5	positions	1
TC5	william	1
TC5	incorrect	1
TC5	nov	1
TC5	produced	1
TC5	older	1
TC5	step	1
TC5	surfing	1
TC5	por	1
TC5	peripherals	2
TC5	tales	1
TC5	joining	1
TC5	ink	1
TC5	resources	1
TC5	letting	1
TC5	understanding	1
TC5	jean	1
TC5	parking	1
TC5	nearest	1
TC5	premises	1
TC5	palestine	1
TC5	strings	1
TC5	occurred	1
TC5	seek	1
TC5	rings	1
TC5	thesis	1
TC5	peter	2
TC5	uploaded	2
TC5	ip	1
TC5	neo	1
TC5	wanted	1
TC5	singapore	1
TC5	ve	2
TC5	report	1
TC5	scanned	1
TC5	observer	1
TC5	tion	1
TC5	july	1
TC5	moss	1
TC5	loose	1
TC5	nude	1
TC5	printing	1
TC5	rt	1
TC5	solo	1
TC5	poland	1
TC5	iron	1
TC5	vacations	3
TC5	kijiji	1
TC5	wise	1
TC5	philips	1
TC5	indicating	1
TC5	stack	1
TC5	sunshine	1
TC5	ieee	1
TC5	internet	1
TC5	reputation	1
TC5	restaurants	1
TC5	limousines	1
TC5	nasa	1
TC5	range	1
TC5	kw	1
TC5	safer	1
TC5	race	1
TC5	vote	1
TC5	miller	1
TC5	ron	1
TC5	interact	1
TC5	limit	1
TC5	ps	1
TC5	naturally	1
TC5	lighting	1
TC5	march	1
TC5	lung	1
TC5	yields	1
TC5	railway	1
TC5	pipes	2
TC5	indonesian	1
TC5	monica	1
TC5	ripe	1
TC5	tin	2
TC5	man	1
TC5	professional	1
TC5	packard	1
TC5	institutes	1
TC5	psp	1
TC5	priorities	1
TC5	minister	1
TC5	rising	1
TC5	revealed	1
TC5	techrepublic	1
TC5	wider	1
TC5	nutrition	1
TC5	oe	1
TC5	recorders	1
TC5	meetup	1
TC5	takes	1
TC5	screenshots	2
TC5	returns	1
TC5	structured	2
TC5	nature	1
TC5	tuning	1
TC5	snow	1
TC5	sensitivity	1
TC5	quantitative	1
TC5	knee	1
TC5	scout	1
TC5	moses	1
TC5	ottawa	1
TC5	vienna	1
TC5	powerful	1
TC5	yang	1
TC5	uv	2
TC5	rna	1
TC5	sharp	1
TC5	representing	1
TC5	weddings	1
TC5	told	1
TC5	proposal	1
TC5	services	1
TC5	lancaster	1
TC5	rob	1
TC5	taste	1
TC5	palmer	1
TC5	representation	1
TC5	particle	1
TC5	showcase	1
TC5	ind	1
TC5	reasons	1
TC5	possess	1
TC5	opposition	1
TC5	mp	1
TC5	winners	1
TC5	load	2
TC5	nfl	1
TC5	requirement	1
TC5	recognize	1
TC5	nickname	1
TC5	sequences	1
TC5	resolve	1
TC5	louis	1
TC5	loops	1
TC5	oklahoma	1
TC5	specialists	1
TC5	she	1
TC5	temperatures	1
TC5	memory	1
TC5	washington	1
TC5	pc	1
TC5	wifi	1
TC5	younger	1
TC5	upcoming	1
TC5	sailing	1
TC5	ta	1
TC5	volleyball	1
TC5	norman	1
TC5	nearby	2
TC5	johnson	1
TC5	reforms	1
TC5	yukon	1
TC5	memo	1
TC5	pursuant	1
TC5	spice	1
TC5	record	1
TC5	movements	1
TC5	opposed	1
TC5	retrieval	1
TC5	nathan	1
TC5	room	1
TC5	parenting	1
TC5	throughout	1
TC5	surprising	1
TC5	meanwhile	1
TC5	johns	1
TC5	suffering	1
TC5	mad	1
TC5	planning	1
TC5	informal	1
TC5	wait	2
TC5	tapes	2
TC5	locations	1
TC5	telecommunications	1
TC5	made	1
TC5	situation	2
TC5	miss	2
TC5	o	1
TC5	project	1
TC5	ryan	1
TC5	mario	1
TC5	war	1
TC5	volvo	1
TC5	psychiatry	1
TC5	valve	1
TC5	tank	2
TC5	pollution	1
TC5	panasonic	1
TC5	typically	1
TC5	strange	1
TC5	living	1
TC5	peoples	1
TC5	jumping	1
TC5	joe	1
TC5	tax	1
TC5	pierce	1
TC5	scenarios	2
TC5	weekend	1
TC5	specials	2
TC5	ranging	1
TC5	marble	1
TC5	units	1
TC5	province	1
TC5	universe	1
TC5	nextel	1
TC5	webshots	1
TC5	profiles	1
TC5	savage	1
TC5	routers	1
TC5	wants	1
TC5	x	2
TC5	pussy	1
TC5	plasma	1
TC5	minds	1
TC5	mill	1
TC5	producers	1
TC5	soma	1
TC5	undertaken	1
TC5	node	1
TC5	shoulder	1
TC5	start	1
TC5	speeches	2
TC5	mirrors	1
TC5	velvet	1
TC5	radius	1
TC5	vietnamese	1
TC5	nest	1
TC5	so	1
TC5	translation	1
TC5	vast	1
TC5	queens	2
TC5	procedure	1
TC5	past	2
TC5	pantyhose	1
TC5	ver	1
TC5	sweet	1
TC5	seven	1
TC5	legend	1
TC5	textiles	1
TC5	vc	1
TC5	spread	2
TC5	substitute	1
TC5	posted	1
TC5	ruling	1
TC5	stranger	1
TC5	marketplace	1
TC5	playboy	1
TC5	pond	1
TC5	virgin	2
TC5	plains	1
TC5	pix	1
TC5	mar	1
TC5	lakes	1
TC5	legs	2
TC5	rocks	1
TC5	republican	1
TC5	view	2
TC5	vocal	1
TC5	minor	1
TC5	sk	1
TC5	mc	1
TC5	licensed	1
TC5	screensavers	1
TC5	salad	1
TC5	preview	1
TC5	salvation	1
TC5	wma	1
TC5	performances	2
TC5	s	1
TC5	nn	1
TC5	separate	1
TC5	pos	1
TC5	subscriber	1
TC5	sides	1
TC5	prove	1
TC5	mold	1
TC5	ww	1
TC5	seat	1
TC5	malpractice	1
TC5	meter	1
TC5	shipment	1
TC5	year	1
TC5	vg	1
TC5	voted	1
TC5	rrp	1
TC5	stars	1
TC5	residence	1
TC5	stamp	1
TC5	monitor	1
TC5	phi	1
TC5	taxation	1
TC5	now	1
TC5	monkey	1
TC5	tournament	1
TC5	notified	1
TC5	karma	1
TC5	static	2
TC5	monday	1
TC5	location	1
TC5	pointed	1
TC5	tried	1
TC5	jesse	1
TC5	paypal	1
TC5	season	1
TC5	reviewed	1
TC5	networking	1
TC5	participate	1
TC5	reid	1
TC5	track	1
TC5	sum	2
TC5	special	1
TC5	milan	1
TC5	preparing	1
TC5	statement	1
TC5	tiles	1
TC5	weighted	1
TC5	movement	1
TC5	rabbit	1
TC5	kiss	1
TC5	olympus	1
TC5	nr	1
TC5	pieces	1
TC5	wrong	1
TC5	shopper	1
TC5	launches	1
TC5	proposals	1
TC5	tooth	2
TC5	plymouth	1
TC5	va	1
TC5	satisfactory	2
TC5	wt	1
TC5	mae	1
TC5	plots	1
TC5	territories	1
TC5	offerings	1
TC5	talks	1
TC5	semi	1
TC5	welding	1
TC5	supervision	1
TC5	months	1
TC5	televisions	1
TC5	threatened	1
TC5	kernel	1
TC5	tba	1
TC5	salt	1
TC5	murphy	1
TC5	latest	1
TC5	part	1
TC5	treaty	1
TC5	relations	1
TC5	tuner	1
TC5	mechanics	1
TC5	packages	2
TC5	packets	1
TC5	or	1
TC5	ultra	1
TC5	promoted	1
TC5	oxygen	1
TC5	yugoslavia	1
TC5	solving	1
TC5	womens	1
TC5	toll	1
TC5	treat	1
TC5	tropical	1
TC5	orgasm	1
TC5	wall	1
TC5	titles	1
TC5	white	1
TC5	remains	1
TC5	vertex	1
TC5	suites	1
TC5	manor	1
TC5	surgical	1
TC5	mozilla	1
TC5	replaced	1
TC5	tennis	1
TC5	suddenly	1
TC5	shortcuts	1
TC5	lucia	1
TC5	occasions	1
TC5	sexual	1
TC5	refers	1
TC5	mississippi	1
TC5	state	1
TC5	sarah	2
TC5	lenses	1
TC5	sig	1
TC5	quoted	1
TC5	words	1
TC5	trash	1
TC5	seq	1
TC5	oriental	1
TC5	veterinary	1
TC5	scientific	1
TC5	stadium	1
TC5	stability	1
TC5	specialty	1
TC5	minneapolis	1
TC5	msn	1
TC5	reception	1
TC5	recipe	1
TC5	spectacular	1
TC5	regulated	1
TC5	richards	1
TC5	moved	1
TC5	minute	1
TC5	peak	1
TC5	mods	1
TC5	philosophy	1
TC5	lc	1
TC5	throw	1
TC5	lifestyle	1
TC5	whats	1
TC5	microsoft	1
TC5	mail	2
TC5	tom	1
TC5	proc	1
TC5	nano	1
TC5	letters	1
TC5	sri	1
TC5	tests	1
TC5	proceeds	1
TC5	seo	1
TC5	pounds	1
TC5	suggesting	1
TC5	texas	1
TC5	postposted	1
TC5	realty	1
TC5	vaccine	1
TC5	relocation	1
TC5	-	Elapsed Time: 0.0016410350799560547 seconds
